ename,node,var,state,period,value
e2.dhw.dhwt_Q,e2.dhw,dhwt,Q,0,0
e2.dhwt.dhw_Q,e2.dhwt,dhw,Q,0,0
e2.hhwt.dhwt_Q,e2.hhwt,dhwt,Q,0,1808
e2.dhwt.hhwt_Q,e2.dhwt,hhwt,Q,0,-1808
e2.hx.hhwt_Q,e2.hx,hhwt,Q,0,0
e2.hhwt.hx_Q,e2.hhwt,hx,Q,0,0
e2.sc.hx_Q,e2.sc,hx,Q,0,0
e2.hx.sc_Q,e2.hx,sc,Q,0,0
e2.hhwt.ahu_Q,e2.hhwt,ahu,Q,0,0
e2.ahu.heat_Q,e2.ahu,heat,Q,0,0
e2.cwt.ahu_Q,e2.cwt,ahu,Q,0,0
e2.ahu.cool_Q,e2.ahu,cool,Q,0,0
e2.ac.cwt_Q,e2.ac,cwt,Q,0,0
e2.cwt.ac_Q,e2.cwt,ac,Q,0,0
e2.hhwt.ac_Q,e2.hhwt,ac,Q,0,0
e2.ac.hhwt_Q,e2.ac,hhwt,Q,0,0
e2.ct.ac_Q,e2.ct,ac,Q,0,0
e2.ac.ct_Q,e2.ac,ct,Q,0,0
e2.ec.cwt_Q,e2.ec,cwt,Q,0,0
e2.cwt.ec_Q,e2.cwt,ec,Q,0,0
e2.ice.ec_Q,e2.ice,ec,Q,0,-17199
e2.ec.ice_Q,e2.ec,ice,Q,0,17199
e2.ice.cwt_Q,e2.ice,cwt,Q,0,0
e2.cwt.ice_Q,e2.cwt,ice,Q,0,0
e2.dhwt.loss_Q,e2.dhwt,loss,Q,0,-160
e2.dhwt.storage_Q,e2.dhwt,storage,Q,0,0
e2.hhwt.loss_Q,e2.hhwt,loss,Q,0,-1808
e2.hhwt.storage_Q,e2.hhwt,storage,Q,0,0
e2.ice.storage_Q,e2.ice,storage,Q,0,17199
e2.sc.IDN_Q,e2.sc,IDN,Q,0,0
e2.dhwt.electric_Q,e2.dhwt,electric,Q,0,1968
e2.dhw.Demand_Q,e2.dhw,Demand,Q,0,0
e2.ct.rejected_Q,e2.ct,rejected,Q,0,0
e2.ahu.Demand_Q,e2.ahu,Demand,Q,0,0
e2.ec.electric_Q,e2.ec,electric,Q,0,0
e2.ec.rejected_Q,e2.ec,rejected,Q,0,-22854
e2.ec.electric.ice_Q,e2.ec,electric.ice,Q,0,5654
e2.dhwt.loss_D,e2.dhwt,loss,D,0,8
e2.hhwt.loss_D,e2.hhwt,loss,D,0,8
e2.dhwt.storage_J,e2.dhwt,storage,J,0,0
e2.hhwt.storage_J,e2.hhwt,storage,J,0,0
e2.ice.storage_J,e2.ice,storage,J,0,0
e2.dhw.dhwt_Q,e2.dhw,dhwt,Q,1,0
e2.dhwt.dhw_Q,e2.dhwt,dhw,Q,1,0
e2.hhwt.dhwt_Q,e2.hhwt,dhwt,Q,1,1808
e2.dhwt.hhwt_Q,e2.dhwt,hhwt,Q,1,-1808
e2.hx.hhwt_Q,e2.hx,hhwt,Q,1,0
e2.hhwt.hx_Q,e2.hhwt,hx,Q,1,0
e2.sc.hx_Q,e2.sc,hx,Q,1,0
e2.hx.sc_Q,e2.hx,sc,Q,1,0
e2.hhwt.ahu_Q,e2.hhwt,ahu,Q,1,0
e2.ahu.heat_Q,e2.ahu,heat,Q,1,0
e2.cwt.ahu_Q,e2.cwt,ahu,Q,1,0
e2.ahu.cool_Q,e2.ahu,cool,Q,1,0
e2.ac.cwt_Q,e2.ac,cwt,Q,1,0
e2.cwt.ac_Q,e2.cwt,ac,Q,1,0
e2.hhwt.ac_Q,e2.hhwt,ac,Q,1,0
e2.ac.hhwt_Q,e2.ac,hhwt,Q,1,0
e2.ct.ac_Q,e2.ct,ac,Q,1,0
e2.ac.ct_Q,e2.ac,ct,Q,1,0
e2.ec.cwt_Q,e2.ec,cwt,Q,1,0
e2.cwt.ec_Q,e2.cwt,ec,Q,1,0
e2.ice.ec_Q,e2.ice,ec,Q,1,-17199
e2.ec.ice_Q,e2.ec,ice,Q,1,17199
e2.ice.cwt_Q,e2.ice,cwt,Q,1,0
e2.cwt.ice_Q,e2.cwt,ice,Q,1,0
e2.dhwt.loss_Q,e2.dhwt,loss,Q,1,-160
e2.dhwt.storage_Q,e2.dhwt,storage,Q,1,0
e2.hhwt.loss_Q,e2.hhwt,loss,Q,1,-1808
e2.hhwt.storage_Q,e2.hhwt,storage,Q,1,0
e2.ice.storage_Q,e2.ice,storage,Q,1,17199
e2.sc.IDN_Q,e2.sc,IDN,Q,1,0
e2.dhwt.electric_Q,e2.dhwt,electric,Q,1,1967
e2.dhw.Demand_Q,e2.dhw,Demand,Q,1,0
e2.ct.rejected_Q,e2.ct,rejected,Q,1,0
e2.ahu.Demand_Q,e2.ahu,Demand,Q,1,0
e2.ec.electric_Q,e2.ec,electric,Q,1,0
e2.ec.rejected_Q,e2.ec,rejected,Q,1,-22854
e2.ec.electric.ice_Q,e2.ec,electric.ice,Q,1,5654
e2.dhwt.loss_D,e2.dhwt,loss,D,1,8
e2.hhwt.loss_D,e2.hhwt,loss,D,1,8
e2.dhwt.storage_J,e2.dhwt,storage,J,1,0
e2.hhwt.storage_J,e2.hhwt,storage,J,1,0
e2.ice.storage_J,e2.ice,storage,J,1,-61919999
e2.dhw.dhwt_Q,e2.dhw,dhwt,Q,2,0
e2.dhwt.dhw_Q,e2.dhwt,dhw,Q,2,0
e2.hhwt.dhwt_Q,e2.hhwt,dhwt,Q,2,1808
e2.dhwt.hhwt_Q,e2.dhwt,hhwt,Q,2,-1808
e2.hx.hhwt_Q,e2.hx,hhwt,Q,2,0
e2.hhwt.hx_Q,e2.hhwt,hx,Q,2,0
e2.sc.hx_Q,e2.sc,hx,Q,2,0
e2.hx.sc_Q,e2.hx,sc,Q,2,0
e2.hhwt.ahu_Q,e2.hhwt,ahu,Q,2,0
e2.ahu.heat_Q,e2.ahu,heat,Q,2,0
e2.cwt.ahu_Q,e2.cwt,ahu,Q,2,0
e2.ahu.cool_Q,e2.ahu,cool,Q,2,0
e2.ac.cwt_Q,e2.ac,cwt,Q,2,0
e2.cwt.ac_Q,e2.cwt,ac,Q,2,0
e2.hhwt.ac_Q,e2.hhwt,ac,Q,2,0
e2.ac.hhwt_Q,e2.ac,hhwt,Q,2,0
e2.ct.ac_Q,e2.ct,ac,Q,2,0
e2.ac.ct_Q,e2.ac,ct,Q,2,0
e2.ec.cwt_Q,e2.ec,cwt,Q,2,0
e2.cwt.ec_Q,e2.cwt,ec,Q,2,0
e2.ice.ec_Q,e2.ice,ec,Q,2,-17199
e2.ec.ice_Q,e2.ec,ice,Q,2,17199
e2.ice.cwt_Q,e2.ice,cwt,Q,2,0
e2.cwt.ice_Q,e2.cwt,ice,Q,2,0
e2.dhwt.loss_Q,e2.dhwt,loss,Q,2,-160
e2.dhwt.storage_Q,e2.dhwt,storage,Q,2,0
e2.hhwt.loss_Q,e2.hhwt,loss,Q,2,-1808
e2.hhwt.storage_Q,e2.hhwt,storage,Q,2,0
e2.ice.storage_Q,e2.ice,storage,Q,2,17199
e2.sc.IDN_Q,e2.sc,IDN,Q,2,0
e2.dhwt.electric_Q,e2.dhwt,electric,Q,2,1968
e2.dhw.Demand_Q,e2.dhw,Demand,Q,2,0
e2.ct.rejected_Q,e2.ct,rejected,Q,2,0
e2.ahu.Demand_Q,e2.ahu,Demand,Q,2,0
e2.ec.electric_Q,e2.ec,electric,Q,2,0
e2.ec.rejected_Q,e2.ec,rejected,Q,2,-22854
e2.ec.electric.ice_Q,e2.ec,electric.ice,Q,2,5654
e2.dhwt.loss_D,e2.dhwt,loss,D,2,8
e2.hhwt.loss_D,e2.hhwt,loss,D,2,8
e2.dhwt.storage_J,e2.dhwt,storage,J,2,0
e2.hhwt.storage_J,e2.hhwt,storage,J,2,0
e2.ice.storage_J,e2.ice,storage,J,2,-123839999
e2.dhw.dhwt_Q,e2.dhw,dhwt,Q,3,0
e2.dhwt.dhw_Q,e2.dhwt,dhw,Q,3,0
e2.hhwt.dhwt_Q,e2.hhwt,dhwt,Q,3,1808
e2.dhwt.hhwt_Q,e2.dhwt,hhwt,Q,3,-1808
e2.hx.hhwt_Q,e2.hx,hhwt,Q,3,0
e2.hhwt.hx_Q,e2.hhwt,hx,Q,3,0
e2.sc.hx_Q,e2.sc,hx,Q,3,0
e2.hx.sc_Q,e2.hx,sc,Q,3,0
e2.hhwt.ahu_Q,e2.hhwt,ahu,Q,3,0
e2.ahu.heat_Q,e2.ahu,heat,Q,3,0
e2.cwt.ahu_Q,e2.cwt,ahu,Q,3,0
e2.ahu.cool_Q,e2.ahu,cool,Q,3,0
e2.ac.cwt_Q,e2.ac,cwt,Q,3,0
e2.cwt.ac_Q,e2.cwt,ac,Q,3,0
e2.hhwt.ac_Q,e2.hhwt,ac,Q,3,0
e2.ac.hhwt_Q,e2.ac,hhwt,Q,3,0
e2.ct.ac_Q,e2.ct,ac,Q,3,0
e2.ac.ct_Q,e2.ac,ct,Q,3,0
e2.ec.cwt_Q,e2.ec,cwt,Q,3,0
e2.cwt.ec_Q,e2.cwt,ec,Q,3,0
e2.ice.ec_Q,e2.ice,ec,Q,3,-17199
e2.ec.ice_Q,e2.ec,ice,Q,3,17199
e2.ice.cwt_Q,e2.ice,cwt,Q,3,0
e2.cwt.ice_Q,e2.cwt,ice,Q,3,0
e2.dhwt.loss_Q,e2.dhwt,loss,Q,3,-159
e2.dhwt.storage_Q,e2.dhwt,storage,Q,3,0
e2.hhwt.loss_Q,e2.hhwt,loss,Q,3,-1808
e2.hhwt.storage_Q,e2.hhwt,storage,Q,3,0
e2.ice.storage_Q,e2.ice,storage,Q,3,17199
e2.sc.IDN_Q,e2.sc,IDN,Q,3,0
e2.dhwt.electric_Q,e2.dhwt,electric,Q,3,1968
e2.dhw.Demand_Q,e2.dhw,Demand,Q,3,0
e2.ct.rejected_Q,e2.ct,rejected,Q,3,0
e2.ahu.Demand_Q,e2.ahu,Demand,Q,3,0
e2.ec.electric_Q,e2.ec,electric,Q,3,0
e2.ec.rejected_Q,e2.ec,rejected,Q,3,-22854
e2.ec.electric.ice_Q,e2.ec,electric.ice,Q,3,5654
e2.dhwt.loss_D,e2.dhwt,loss,D,3,7
e2.hhwt.loss_D,e2.hhwt,loss,D,3,8
e2.dhwt.storage_J,e2.dhwt,storage,J,3,0
e2.hhwt.storage_J,e2.hhwt,storage,J,3,0
e2.ice.storage_J,e2.ice,storage,J,3,-185759999
e2.dhw.dhwt_Q,e2.dhw,dhwt,Q,4,0
e2.dhwt.dhw_Q,e2.dhwt,dhw,Q,4,0
e2.hhwt.dhwt_Q,e2.hhwt,dhwt,Q,4,1808
e2.dhwt.hhwt_Q,e2.dhwt,hhwt,Q,4,-1808
e2.hx.hhwt_Q,e2.hx,hhwt,Q,4,0
e2.hhwt.hx_Q,e2.hhwt,hx,Q,4,0
e2.sc.hx_Q,e2.sc,hx,Q,4,0
e2.hx.sc_Q,e2.hx,sc,Q,4,0
e2.hhwt.ahu_Q,e2.hhwt,ahu,Q,4,0
e2.ahu.heat_Q,e2.ahu,heat,Q,4,0
e2.cwt.ahu_Q,e2.cwt,ahu,Q,4,0
e2.ahu.cool_Q,e2.ahu,cool,Q,4,0
e2.ac.cwt_Q,e2.ac,cwt,Q,4,0
e2.cwt.ac_Q,e2.cwt,ac,Q,4,0
e2.hhwt.ac_Q,e2.hhwt,ac,Q,4,0
e2.ac.hhwt_Q,e2.ac,hhwt,Q,4,0
e2.ct.ac_Q,e2.ct,ac,Q,4,0
e2.ac.ct_Q,e2.ac,ct,Q,4,0
e2.ec.cwt_Q,e2.ec,cwt,Q,4,0
e2.cwt.ec_Q,e2.cwt,ec,Q,4,0
e2.ice.ec_Q,e2.ice,ec,Q,4,-17199
e2.ec.ice_Q,e2.ec,ice,Q,4,17199
e2.ice.cwt_Q,e2.ice,cwt,Q,4,0
e2.cwt.ice_Q,e2.cwt,ice,Q,4,0
e2.dhwt.loss_Q,e2.dhwt,loss,Q,4,-159
e2.dhwt.storage_Q,e2.dhwt,storage,Q,4,0
e2.hhwt.loss_Q,e2.hhwt,loss,Q,4,-1808
e2.hhwt.storage_Q,e2.hhwt,storage,Q,4,0
e2.ice.storage_Q,e2.ice,storage,Q,4,17199
e2.sc.IDN_Q,e2.sc,IDN,Q,4,0
e2.dhwt.electric_Q,e2.dhwt,electric,Q,4,1968
e2.dhw.Demand_Q,e2.dhw,Demand,Q,4,0
e2.ct.rejected_Q,e2.ct,rejected,Q,4,0
e2.ahu.Demand_Q,e2.ahu,Demand,Q,4,0
e2.ec.electric_Q,e2.ec,electric,Q,4,0
e2.ec.rejected_Q,e2.ec,rejected,Q,4,-22854
e2.ec.electric.ice_Q,e2.ec,electric.ice,Q,4,5654
e2.dhwt.loss_D,e2.dhwt,loss,D,4,7
e2.hhwt.loss_D,e2.hhwt,loss,D,4,8
e2.dhwt.storage_J,e2.dhwt,storage,J,4,0
e2.hhwt.storage_J,e2.hhwt,storage,J,4,0
e2.ice.storage_J,e2.ice,storage,J,4,-247679999
e2.dhw.dhwt_Q,e2.dhw,dhwt,Q,5,0
e2.dhwt.dhw_Q,e2.dhwt,dhw,Q,5,0
e2.hhwt.dhwt_Q,e2.hhwt,dhwt,Q,5,1808
e2.dhwt.hhwt_Q,e2.dhwt,hhwt,Q,5,-1808
e2.hx.hhwt_Q,e2.hx,hhwt,Q,5,0
e2.hhwt.hx_Q,e2.hhwt,hx,Q,5,0
e2.sc.hx_Q,e2.sc,hx,Q,5,0
e2.hx.sc_Q,e2.hx,sc,Q,5,0
e2.hhwt.ahu_Q,e2.hhwt,ahu,Q,5,0
e2.ahu.heat_Q,e2.ahu,heat,Q,5,0
e2.cwt.ahu_Q,e2.cwt,ahu,Q,5,0
e2.ahu.cool_Q,e2.ahu,cool,Q,5,0
e2.ac.cwt_Q,e2.ac,cwt,Q,5,0
e2.cwt.ac_Q,e2.cwt,ac,Q,5,0
e2.hhwt.ac_Q,e2.hhwt,ac,Q,5,0
e2.ac.hhwt_Q,e2.ac,hhwt,Q,5,0
e2.ct.ac_Q,e2.ct,ac,Q,5,0
e2.ac.ct_Q,e2.ac,ct,Q,5,0
e2.ec.cwt_Q,e2.ec,cwt,Q,5,0
e2.cwt.ec_Q,e2.cwt,ec,Q,5,0
e2.ice.ec_Q,e2.ice,ec,Q,5,-17199
e2.ec.ice_Q,e2.ec,ice,Q,5,17199
e2.ice.cwt_Q,e2.ice,cwt,Q,5,0
e2.cwt.ice_Q,e2.cwt,ice,Q,5,0
e2.dhwt.loss_Q,e2.dhwt,loss,Q,5,-159
e2.dhwt.storage_Q,e2.dhwt,storage,Q,5,0
e2.hhwt.loss_Q,e2.hhwt,loss,Q,5,-1808
e2.hhwt.storage_Q,e2.hhwt,storage,Q,5,0
e2.ice.storage_Q,e2.ice,storage,Q,5,17199
e2.sc.IDN_Q,e2.sc,IDN,Q,5,0
e2.dhwt.electric_Q,e2.dhwt,electric,Q,5,1968
e2.dhw.Demand_Q,e2.dhw,Demand,Q,5,0
e2.ct.rejected_Q,e2.ct,rejected,Q,5,0
e2.ahu.Demand_Q,e2.ahu,Demand,Q,5,0
e2.ec.electric_Q,e2.ec,electric,Q,5,0
e2.ec.rejected_Q,e2.ec,rejected,Q,5,-22854
e2.ec.electric.ice_Q,e2.ec,electric.ice,Q,5,5654
e2.dhwt.loss_D,e2.dhwt,loss,D,5,7
e2.hhwt.loss_D,e2.hhwt,loss,D,5,8
e2.dhwt.storage_J,e2.dhwt,storage,J,5,0
e2.hhwt.storage_J,e2.hhwt,storage,J,5,0
e2.ice.storage_J,e2.ice,storage,J,5,-309599999
e2.dhw.dhwt_Q,e2.dhw,dhwt,Q,6,0
e2.dhwt.dhw_Q,e2.dhwt,dhw,Q,6,0
e2.hhwt.dhwt_Q,e2.hhwt,dhwt,Q,6,1807
e2.dhwt.hhwt_Q,e2.dhwt,hhwt,Q,6,-1807
e2.hx.hhwt_Q,e2.hx,hhwt,Q,6,0
e2.hhwt.hx_Q,e2.hhwt,hx,Q,6,0
e2.sc.hx_Q,e2.sc,hx,Q,6,0
e2.hx.sc_Q,e2.hx,sc,Q,6,0
e2.hhwt.ahu_Q,e2.hhwt,ahu,Q,6,0
e2.ahu.heat_Q,e2.ahu,heat,Q,6,0
e2.cwt.ahu_Q,e2.cwt,ahu,Q,6,0
e2.ahu.cool_Q,e2.ahu,cool,Q,6,0
e2.ac.cwt_Q,e2.ac,cwt,Q,6,0
e2.cwt.ac_Q,e2.cwt,ac,Q,6,0
e2.hhwt.ac_Q,e2.hhwt,ac,Q,6,0
e2.ac.hhwt_Q,e2.ac,hhwt,Q,6,0
e2.ct.ac_Q,e2.ct,ac,Q,6,0
e2.ac.ct_Q,e2.ac,ct,Q,6,0
e2.ec.cwt_Q,e2.ec,cwt,Q,6,0
e2.cwt.ec_Q,e2.cwt,ec,Q,6,0
e2.ice.ec_Q,e2.ice,ec,Q,6,-17199
e2.ec.ice_Q,e2.ec,ice,Q,6,17199
e2.ice.cwt_Q,e2.ice,cwt,Q,6,0
e2.cwt.ice_Q,e2.cwt,ice,Q,6,0
e2.dhwt.loss_Q,e2.dhwt,loss,Q,6,-159
e2.dhwt.storage_Q,e2.dhwt,storage,Q,6,0
e2.hhwt.loss_Q,e2.hhwt,loss,Q,6,-1808
e2.hhwt.storage_Q,e2.hhwt,storage,Q,6,0
e2.ice.storage_Q,e2.ice,storage,Q,6,17199
e2.sc.IDN_Q,e2.sc,IDN,Q,6,0
e2.dhwt.electric_Q,e2.dhwt,electric,Q,6,1967
e2.dhw.Demand_Q,e2.dhw,Demand,Q,6,0
e2.ct.rejected_Q,e2.ct,rejected,Q,6,0
e2.ahu.Demand_Q,e2.ahu,Demand,Q,6,0
e2.ec.electric_Q,e2.ec,electric,Q,6,0
e2.ec.rejected_Q,e2.ec,rejected,Q,6,-22854
e2.ec.electric.ice_Q,e2.ec,electric.ice,Q,6,5654
e2.dhwt.loss_D,e2.dhwt,loss,D,6,7
e2.hhwt.loss_D,e2.hhwt,loss,D,6,8
e2.dhwt.storage_J,e2.dhwt,storage,J,6,0
e2.hhwt.storage_J,e2.hhwt,storage,J,6,0
e2.ice.storage_J,e2.ice,storage,J,6,-371519999
e2.dhw.dhwt_Q,e2.dhw,dhwt,Q,7,0
e2.dhwt.dhw_Q,e2.dhwt,dhw,Q,7,0
e2.hhwt.dhwt_Q,e2.hhwt,dhwt,Q,7,-159
e2.dhwt.hhwt_Q,e2.dhwt,hhwt,Q,7,159
e2.hx.hhwt_Q,e2.hx,hhwt,Q,7,-1967
e2.hhwt.hx_Q,e2.hhwt,hx,Q,7,1967
e2.sc.hx_Q,e2.sc,hx,Q,7,-1967
e2.hx.sc_Q,e2.hx,sc,Q,7,1967
e2.hhwt.ahu_Q,e2.hhwt,ahu,Q,7,0
e2.ahu.heat_Q,e2.ahu,heat,Q,7,0
e2.cwt.ahu_Q,e2.cwt,ahu,Q,7,0
e2.ahu.cool_Q,e2.ahu,cool,Q,7,0
e2.ac.cwt_Q,e2.ac,cwt,Q,7,0
e2.cwt.ac_Q,e2.cwt,ac,Q,7,0
e2.hhwt.ac_Q,e2.hhwt,ac,Q,7,0
e2.ac.hhwt_Q,e2.ac,hhwt,Q,7,0
e2.ct.ac_Q,e2.ct,ac,Q,7,0
e2.ac.ct_Q,e2.ac,ct,Q,7,0
e2.ec.cwt_Q,e2.ec,cwt,Q,7,0
e2.cwt.ec_Q,e2.cwt,ec,Q,7,0
e2.ice.ec_Q,e2.ice,ec,Q,7,0
e2.ec.ice_Q,e2.ec,ice,Q,7,0
e2.ice.cwt_Q,e2.ice,cwt,Q,7,0
e2.cwt.ice_Q,e2.cwt,ice,Q,7,0
e2.dhwt.loss_Q,e2.dhwt,loss,Q,7,-160
e2.dhwt.storage_Q,e2.dhwt,storage,Q,7,0
e2.hhwt.loss_Q,e2.hhwt,loss,Q,7,-1808
e2.hhwt.storage_Q,e2.hhwt,storage,Q,7,0
e2.ice.storage_Q,e2.ice,storage,Q,7,0
e2.sc.IDN_Q,e2.sc,IDN,Q,7,1967
e2.dhwt.electric_Q,e2.dhwt,electric,Q,7,0
e2.dhw.Demand_Q,e2.dhw,Demand,Q,7,0
e2.ct.rejected_Q,e2.ct,rejected,Q,7,0
e2.ahu.Demand_Q,e2.ahu,Demand,Q,7,0
e2.ec.electric_Q,e2.ec,electric,Q,7,0
e2.ec.rejected_Q,e2.ec,rejected,Q,7,0
e2.ec.electric.ice_Q,e2.ec,electric.ice,Q,7,0
e2.dhwt.loss_D,e2.dhwt,loss,D,7,8
e2.hhwt.loss_D,e2.hhwt,loss,D,7,8
e2.dhwt.storage_J,e2.dhwt,storage,J,7,0
e2.hhwt.storage_J,e2.hhwt,storage,J,7,0
e2.ice.storage_J,e2.ice,storage,J,7,-433439999
e2.dhw.dhwt_Q,e2.dhw,dhwt,Q,8,61500
e2.dhwt.dhw_Q,e2.dhwt,dhw,Q,8,-61500
e2.hhwt.dhwt_Q,e2.hhwt,dhwt,Q,8,-65388
e2.dhwt.hhwt_Q,e2.dhwt,hhwt,Q,8,65388
e2.hx.hhwt_Q,e2.hx,hhwt,Q,8,-67305
e2.hhwt.hx_Q,e2.hhwt,hx,Q,8,67305
e2.sc.hx_Q,e2.sc,hx,Q,8,-67305
e2.hx.sc_Q,e2.hx,sc,Q,8,67305
e2.hhwt.ahu_Q,e2.hhwt,ahu,Q,8,0
e2.ahu.heat_Q,e2.ahu,heat,Q,8,0
e2.cwt.ahu_Q,e2.cwt,ahu,Q,8,0
e2.ahu.cool_Q,e2.ahu,cool,Q,8,0
e2.ac.cwt_Q,e2.ac,cwt,Q,8,0
e2.cwt.ac_Q,e2.cwt,ac,Q,8,0
e2.hhwt.ac_Q,e2.hhwt,ac,Q,8,0
e2.ac.hhwt_Q,e2.ac,hhwt,Q,8,0
e2.ct.ac_Q,e2.ct,ac,Q,8,0
e2.ac.ct_Q,e2.ac,ct,Q,8,0
e2.ec.cwt_Q,e2.ec,cwt,Q,8,0
e2.cwt.ec_Q,e2.cwt,ec,Q,8,0
e2.ice.ec_Q,e2.ice,ec,Q,8,0
e2.ec.ice_Q,e2.ec,ice,Q,8,0
e2.ice.cwt_Q,e2.ice,cwt,Q,8,0
e2.cwt.ice_Q,e2.cwt,ice,Q,8,0
e2.dhwt.loss_Q,e2.dhwt,loss,Q,8,-160
e2.dhwt.storage_Q,e2.dhwt,storage,Q,8,-3728
e2.hhwt.loss_Q,e2.hhwt,loss,Q,8,-1808
e2.hhwt.storage_Q,e2.hhwt,storage,Q,8,-109
e2.ice.storage_Q,e2.ice,storage,Q,8,0
e2.sc.IDN_Q,e2.sc,IDN,Q,8,67305
e2.dhwt.electric_Q,e2.dhwt,electric,Q,8,0
e2.dhw.Demand_Q,e2.dhw,Demand,Q,8,-61500
e2.ct.rejected_Q,e2.ct,rejected,Q,8,0
e2.ahu.Demand_Q,e2.ahu,Demand,Q,8,0
e2.ec.electric_Q,e2.ec,electric,Q,8,0
e2.ec.rejected_Q,e2.ec,rejected,Q,8,0
e2.ec.electric.ice_Q,e2.ec,electric.ice,Q,8,0
e2.dhwt.loss_D,e2.dhwt,loss,D,8,8
e2.hhwt.loss_D,e2.hhwt,loss,D,8,8
e2.dhwt.storage_J,e2.dhwt,storage,J,8,0
e2.hhwt.storage_J,e2.hhwt,storage,J,8,0
e2.ice.storage_J,e2.ice,storage,J,8,-433439999
e2.dhw.dhwt_Q,e2.dhw,dhwt,Q,9,61500
e2.dhwt.dhw_Q,e2.dhwt,dhw,Q,9,-61500
e2.hhwt.dhwt_Q,e2.hhwt,dhwt,Q,9,-61819
e2.dhwt.hhwt_Q,e2.dhwt,hhwt,Q,9,61819
e2.hx.hhwt_Q,e2.hx,hhwt,Q,9,-263999
e2.hhwt.hx_Q,e2.hhwt,hx,Q,9,263999
e2.sc.hx_Q,e2.sc,hx,Q,9,-263999
e2.hx.sc_Q,e2.hx,sc,Q,9,263999
e2.hhwt.ahu_Q,e2.hhwt,ahu,Q,9,-50600
e2.ahu.heat_Q,e2.ahu,heat,Q,9,50600
e2.cwt.ahu_Q,e2.cwt,ahu,Q,9,73799
e2.ahu.cool_Q,e2.ahu,cool,Q,9,-73799
e2.ac.cwt_Q,e2.ac,cwt,Q,9,69906
e2.cwt.ac_Q,e2.cwt,ac,Q,9,-69906
e2.hhwt.ac_Q,e2.hhwt,ac,Q,9,-97093
e2.ac.hhwt_Q,e2.ac,hhwt,Q,9,97093
e2.ct.ac_Q,e2.ct,ac,Q,9,167000
e2.ac.ct_Q,e2.ac,ct,Q,9,-167000
e2.ec.cwt_Q,e2.ec,cwt,Q,9,3893
e2.cwt.ec_Q,e2.cwt,ec,Q,9,-3893
e2.ice.ec_Q,e2.ice,ec,Q,9,-4600
e2.ec.ice_Q,e2.ec,ice,Q,9,4600
e2.ice.cwt_Q,e2.ice,cwt,Q,9,0
e2.cwt.ice_Q,e2.cwt,ice,Q,9,0
e2.dhwt.loss_Q,e2.dhwt,loss,Q,9,-320
e2.dhwt.storage_Q,e2.dhwt,storage,Q,9,0
e2.hhwt.loss_Q,e2.hhwt,loss,Q,9,-1811
e2.hhwt.storage_Q,e2.hhwt,storage,Q,9,-52675
e2.ice.storage_Q,e2.ice,storage,Q,9,4600
e2.sc.IDN_Q,e2.sc,IDN,Q,9,263999
e2.dhwt.electric_Q,e2.dhwt,electric,Q,9,0
e2.dhw.Demand_Q,e2.dhw,Demand,Q,9,-61500
e2.ct.rejected_Q,e2.ct,rejected,Q,9,-167000
e2.ahu.Demand_Q,e2.ahu,Demand,Q,9,23199
e2.ec.electric_Q,e2.ec,electric,Q,9,1333
e2.ec.rejected_Q,e2.ec,rejected,Q,9,-11576
e2.ec.electric.ice_Q,e2.ec,electric.ice,Q,9,1750
e2.dhwt.loss_D,e2.dhwt,loss,D,9,16
e2.hhwt.loss_D,e2.hhwt,loss,D,9,8
e2.dhwt.storage_J,e2.dhwt,storage,J,9,13422818
e2.hhwt.storage_J,e2.hhwt,storage,J,9,392894
e2.ice.storage_J,e2.ice,storage,J,9,-433439999
e2.dhw.dhwt_Q,e2.dhw,dhwt,Q,10,123000
e2.dhwt.dhw_Q,e2.dhwt,dhw,Q,10,-123000
e2.hhwt.dhwt_Q,e2.hhwt,dhwt,Q,10,-119591
e2.dhwt.hhwt_Q,e2.dhwt,hhwt,Q,10,119591
e2.hx.hhwt_Q,e2.hx,hhwt,Q,10,-200000
e2.hhwt.hx_Q,e2.hhwt,hx,Q,10,200000
e2.sc.hx_Q,e2.sc,hx,Q,10,-200000
e2.hx.sc_Q,e2.hx,sc,Q,10,200000
e2.hhwt.ahu_Q,e2.hhwt,ahu,Q,10,-50600
e2.ahu.heat_Q,e2.ahu,heat,Q,10,50600
e2.cwt.ahu_Q,e2.cwt,ahu,Q,10,73800
e2.ahu.cool_Q,e2.ahu,cool,Q,10,-73800
e2.ac.cwt_Q,e2.ac,cwt,Q,10,31600
e2.cwt.ac_Q,e2.cwt,ac,Q,10,-31600
e2.hhwt.ac_Q,e2.hhwt,ac,Q,10,-43888
e2.ac.hhwt_Q,e2.ac,hhwt,Q,10,43888
e2.ct.ac_Q,e2.ct,ac,Q,10,75488
e2.ac.ct_Q,e2.ac,ct,Q,10,-75488
e2.ec.cwt_Q,e2.ec,cwt,Q,10,17200
e2.cwt.ec_Q,e2.cwt,ec,Q,10,-17200
e2.ice.ec_Q,e2.ice,ec,Q,10,0
e2.ec.ice_Q,e2.ec,ice,Q,10,0
e2.ice.cwt_Q,e2.ice,cwt,Q,10,25000
e2.cwt.ice_Q,e2.cwt,ice,Q,10,-25000
e2.dhwt.loss_Q,e2.dhwt,loss,Q,10,-320
e2.dhwt.storage_Q,e2.dhwt,storage,Q,10,3728
e2.hhwt.loss_Q,e2.hhwt,loss,Q,10,-3615
e2.hhwt.storage_Q,e2.hhwt,storage,Q,10,17696
e2.ice.storage_Q,e2.ice,storage,Q,10,-25000
e2.sc.IDN_Q,e2.sc,IDN,Q,10,200000
e2.dhwt.electric_Q,e2.dhwt,electric,Q,10,0
e2.dhw.Demand_Q,e2.dhw,Demand,Q,10,-123000
e2.ct.rejected_Q,e2.ct,rejected,Q,10,-75488
e2.ahu.Demand_Q,e2.ahu,Demand,Q,10,23200
e2.ec.electric_Q,e2.ec,electric,Q,10,5890
e2.ec.rejected_Q,e2.ec,rejected,Q,10,-23090
e2.ec.electric.ice_Q,e2.ec,electric.ice,Q,10,0
e2.dhwt.loss_D,e2.dhwt,loss,D,10,16
e2.hhwt.loss_D,e2.hhwt,loss,D,10,15
e2.dhwt.storage_J,e2.dhwt,storage,J,10,13422818
e2.hhwt.storage_J,e2.hhwt,storage,J,10,190023752
e2.ice.storage_J,e2.ice,storage,J,10,-450000000
e2.dhw.dhwt_Q,e2.dhw,dhwt,Q,11,123000
e2.dhwt.dhw_Q,e2.dhwt,dhw,Q,11,-123000
e2.hhwt.dhwt_Q,e2.hhwt,dhwt,Q,11,-123160
e2.dhwt.hhwt_Q,e2.dhwt,hhwt,Q,11,123160
e2.hx.hhwt_Q,e2.hx,hhwt,Q,11,-200000
e2.hhwt.hx_Q,e2.hhwt,hx,Q,11,200000
e2.sc.hx_Q,e2.sc,hx,Q,11,-200000
e2.hx.sc_Q,e2.hx,sc,Q,11,200000
e2.hhwt.ahu_Q,e2.hhwt,ahu,Q,11,-50600
e2.ahu.heat_Q,e2.ahu,heat,Q,11,50600
e2.cwt.ahu_Q,e2.cwt,ahu,Q,11,73800
e2.ahu.cool_Q,e2.ahu,cool,Q,11,-73800
e2.ac.cwt_Q,e2.ac,cwt,Q,11,31600
e2.cwt.ac_Q,e2.cwt,ac,Q,11,-31600
e2.hhwt.ac_Q,e2.hhwt,ac,Q,11,-43888
e2.ac.hhwt_Q,e2.ac,hhwt,Q,11,43888
e2.ct.ac_Q,e2.ct,ac,Q,11,75488
e2.ac.ct_Q,e2.ac,ct,Q,11,-75488
e2.ec.cwt_Q,e2.ec,cwt,Q,11,17200
e2.cwt.ec_Q,e2.cwt,ec,Q,11,-17200
e2.ice.ec_Q,e2.ice,ec,Q,11,0
e2.ec.ice_Q,e2.ec,ice,Q,11,0
e2.ice.cwt_Q,e2.ice,cwt,Q,11,25000
e2.cwt.ice_Q,e2.cwt,ice,Q,11,-25000
e2.dhwt.loss_Q,e2.dhwt,loss,Q,11,-160
e2.dhwt.storage_Q,e2.dhwt,storage,Q,11,0
e2.hhwt.loss_Q,e2.hhwt,loss,Q,11,-3009
e2.hhwt.storage_Q,e2.hhwt,storage,Q,11,20658
e2.ice.storage_Q,e2.ice,storage,Q,11,-25000
e2.sc.IDN_Q,e2.sc,IDN,Q,11,200000
e2.dhwt.electric_Q,e2.dhwt,electric,Q,11,0
e2.dhw.Demand_Q,e2.dhw,Demand,Q,11,-123000
e2.ct.rejected_Q,e2.ct,rejected,Q,11,-75488
e2.ahu.Demand_Q,e2.ahu,Demand,Q,11,23200
e2.ec.electric_Q,e2.ec,electric,Q,11,5890
e2.ec.rejected_Q,e2.ec,rejected,Q,11,-23090
e2.ec.electric.ice_Q,e2.ec,electric.ice,Q,11,0
e2.dhwt.loss_D,e2.dhwt,loss,D,11,8
e2.hhwt.loss_D,e2.hhwt,loss,D,11,13
e2.dhwt.storage_J,e2.dhwt,storage,J,11,0
e2.hhwt.storage_J,e2.hhwt,storage,J,11,126316971
e2.ice.storage_J,e2.ice,storage,J,11,-360000000
e2.dhw.dhwt_Q,e2.dhw,dhwt,Q,12,123000
e2.dhwt.dhw_Q,e2.dhwt,dhw,Q,12,-123000
e2.hhwt.dhwt_Q,e2.hhwt,dhwt,Q,12,-117638
e2.dhwt.hhwt_Q,e2.dhwt,hhwt,Q,12,117638
e2.hx.hhwt_Q,e2.hx,hhwt,Q,12,-200000
e2.hhwt.hx_Q,e2.hhwt,hx,Q,12,200000
e2.sc.hx_Q,e2.sc,hx,Q,12,-200000
e2.hx.sc_Q,e2.hx,sc,Q,12,200000
e2.hhwt.ahu_Q,e2.hhwt,ahu,Q,12,-50600
e2.ahu.heat_Q,e2.ahu,heat,Q,12,50600
e2.cwt.ahu_Q,e2.cwt,ahu,Q,12,73800
e2.ahu.cool_Q,e2.ahu,cool,Q,12,-73800
e2.ac.cwt_Q,e2.ac,cwt,Q,12,31600
e2.cwt.ac_Q,e2.cwt,ac,Q,12,-31600
e2.hhwt.ac_Q,e2.hhwt,ac,Q,12,-43888
e2.ac.hhwt_Q,e2.ac,hhwt,Q,12,43888
e2.ct.ac_Q,e2.ct,ac,Q,12,75488
e2.ac.ct_Q,e2.ac,ct,Q,12,-75488
e2.ec.cwt_Q,e2.ec,cwt,Q,12,17200
e2.cwt.ec_Q,e2.cwt,ec,Q,12,-17200
e2.ice.ec_Q,e2.ice,ec,Q,12,0
e2.ec.ice_Q,e2.ec,ice,Q,12,0
e2.ice.cwt_Q,e2.ice,cwt,Q,12,25000
e2.cwt.ice_Q,e2.cwt,ice,Q,12,-25000
e2.dhwt.loss_Q,e2.dhwt,loss,Q,12,-160
e2.dhwt.storage_Q,e2.dhwt,storage,Q,12,0
e2.hhwt.loss_Q,e2.hhwt,loss,Q,12,-2302
e2.hhwt.storage_Q,e2.hhwt,storage,Q,12,14429
e2.ice.storage_Q,e2.ice,storage,Q,12,-24999
e2.sc.IDN_Q,e2.sc,IDN,Q,12,200000
e2.dhwt.electric_Q,e2.dhwt,electric,Q,12,5521
e2.dhw.Demand_Q,e2.dhw,Demand,Q,12,-123000
e2.ct.rejected_Q,e2.ct,rejected,Q,12,-75488
e2.ahu.Demand_Q,e2.ahu,Demand,Q,12,23200
e2.ec.electric_Q,e2.ec,electric,Q,12,5890
e2.ec.rejected_Q,e2.ec,rejected,Q,12,-23090
e2.ec.electric.ice_Q,e2.ec,electric.ice,Q,12,0
e2.dhwt.loss_D,e2.dhwt,loss,D,12,8
e2.hhwt.loss_D,e2.hhwt,loss,D,12,10
e2.dhwt.storage_J,e2.dhwt,storage,J,12,0
e2.hhwt.storage_J,e2.hhwt,storage,J,12,51945492
e2.ice.storage_J,e2.ice,storage,J,12,-270000000
e2.dhw.dhwt_Q,e2.dhw,dhwt,Q,13,123000
e2.dhwt.dhw_Q,e2.dhwt,dhw,Q,13,-123000
e2.hhwt.dhwt_Q,e2.hhwt,dhwt,Q,13,-103703
e2.dhwt.hhwt_Q,e2.dhwt,hhwt,Q,13,103703
e2.hx.hhwt_Q,e2.hx,hhwt,Q,13,-200000
e2.hhwt.hx_Q,e2.hhwt,hx,Q,13,200000
e2.sc.hx_Q,e2.sc,hx,Q,13,-200000
e2.hx.sc_Q,e2.hx,sc,Q,13,200000
e2.hhwt.ahu_Q,e2.hhwt,ahu,Q,13,-50600
e2.ahu.heat_Q,e2.ahu,heat,Q,13,50600
e2.cwt.ahu_Q,e2.cwt,ahu,Q,13,73800
e2.ahu.cool_Q,e2.ahu,cool,Q,13,-73800
e2.ac.cwt_Q,e2.ac,cwt,Q,13,31600
e2.cwt.ac_Q,e2.cwt,ac,Q,13,-31600
e2.hhwt.ac_Q,e2.hhwt,ac,Q,13,-43888
e2.ac.hhwt_Q,e2.ac,hhwt,Q,13,43888
e2.ct.ac_Q,e2.ct,ac,Q,13,75488
e2.ac.ct_Q,e2.ac,ct,Q,13,-75488
e2.ec.cwt_Q,e2.ec,cwt,Q,13,17200
e2.cwt.ec_Q,e2.cwt,ec,Q,13,-17200
e2.ice.ec_Q,e2.ice,ec,Q,13,0
e2.ec.ice_Q,e2.ec,ice,Q,13,0
e2.ice.cwt_Q,e2.ice,cwt,Q,13,25000
e2.cwt.ice_Q,e2.cwt,ice,Q,13,-25000
e2.dhwt.loss_Q,e2.dhwt,loss,Q,13,-160
e2.dhwt.storage_Q,e2.dhwt,storage,Q,13,0
e2.hhwt.loss_Q,e2.hhwt,loss,Q,13,-1807
e2.hhwt.storage_Q,e2.hhwt,storage,Q,13,0
e2.ice.storage_Q,e2.ice,storage,Q,13,-25000
e2.sc.IDN_Q,e2.sc,IDN,Q,13,200000
e2.dhwt.electric_Q,e2.dhwt,electric,Q,13,19456
e2.dhw.Demand_Q,e2.dhw,Demand,Q,13,-123000
e2.ct.rejected_Q,e2.ct,rejected,Q,13,-75488
e2.ahu.Demand_Q,e2.ahu,Demand,Q,13,23200
e2.ec.electric_Q,e2.ec,electric,Q,13,5890
e2.ec.rejected_Q,e2.ec,rejected,Q,13,-23090
e2.ec.electric.ice_Q,e2.ec,electric.ice,Q,13,0
e2.dhwt.loss_D,e2.dhwt,loss,D,13,8
e2.hhwt.loss_D,e2.hhwt,loss,D,13,7
e2.dhwt.storage_J,e2.dhwt,storage,J,13,0
e2.hhwt.storage_J,e2.hhwt,storage,J,13,0
e2.ice.storage_J,e2.ice,storage,J,13,-180000000
e2.dhw.dhwt_Q,e2.dhw,dhwt,Q,14,123000
e2.dhwt.dhw_Q,e2.dhwt,dhw,Q,14,-123000
e2.hhwt.dhwt_Q,e2.hhwt,dhwt,Q,14,-103703
e2.dhwt.hhwt_Q,e2.dhwt,hhwt,Q,14,103703
e2.hx.hhwt_Q,e2.hx,hhwt,Q,14,-200000
e2.hhwt.hx_Q,e2.hhwt,hx,Q,14,200000
e2.sc.hx_Q,e2.sc,hx,Q,14,-200000
e2.hx.sc_Q,e2.hx,sc,Q,14,200000
e2.hhwt.ahu_Q,e2.hhwt,ahu,Q,14,-50600
e2.ahu.heat_Q,e2.ahu,heat,Q,14,50600
e2.cwt.ahu_Q,e2.cwt,ahu,Q,14,73800
e2.ahu.cool_Q,e2.ahu,cool,Q,14,-73800
e2.ac.cwt_Q,e2.ac,cwt,Q,14,31600
e2.cwt.ac_Q,e2.cwt,ac,Q,14,-31600
e2.hhwt.ac_Q,e2.hhwt,ac,Q,14,-43888
e2.ac.hhwt_Q,e2.ac,hhwt,Q,14,43888
e2.ct.ac_Q,e2.ct,ac,Q,14,75488
e2.ac.ct_Q,e2.ac,ct,Q,14,-75488
e2.ec.cwt_Q,e2.ec,cwt,Q,14,17200
e2.cwt.ec_Q,e2.cwt,ec,Q,14,-17200
e2.ice.ec_Q,e2.ice,ec,Q,14,0
e2.ec.ice_Q,e2.ec,ice,Q,14,0
e2.ice.cwt_Q,e2.ice,cwt,Q,14,25000
e2.cwt.ice_Q,e2.cwt,ice,Q,14,-25000
e2.dhwt.loss_Q,e2.dhwt,loss,Q,14,-160
e2.dhwt.storage_Q,e2.dhwt,storage,Q,14,0
e2.hhwt.loss_Q,e2.hhwt,loss,Q,14,-1807
e2.hhwt.storage_Q,e2.hhwt,storage,Q,14,0
e2.ice.storage_Q,e2.ice,storage,Q,14,-25000
e2.sc.IDN_Q,e2.sc,IDN,Q,14,200000
e2.dhwt.electric_Q,e2.dhwt,electric,Q,14,19456
e2.dhw.Demand_Q,e2.dhw,Demand,Q,14,-123000
e2.ct.rejected_Q,e2.ct,rejected,Q,14,-75488
e2.ahu.Demand_Q,e2.ahu,Demand,Q,14,23200
e2.ec.electric_Q,e2.ec,electric,Q,14,5890
e2.ec.rejected_Q,e2.ec,rejected,Q,14,-23090
e2.ec.electric.ice_Q,e2.ec,electric.ice,Q,14,0
e2.dhwt.loss_D,e2.dhwt,loss,D,14,8
e2.hhwt.loss_D,e2.hhwt,loss,D,14,7
e2.dhwt.storage_J,e2.dhwt,storage,J,14,0
e2.hhwt.storage_J,e2.hhwt,storage,J,14,0
e2.ice.storage_J,e2.ice,storage,J,14,-90000000
e2.dhw.dhwt_Q,e2.dhw,dhwt,Q,15,61500
e2.dhwt.dhw_Q,e2.dhwt,dhw,Q,15,-61500
e2.hhwt.dhwt_Q,e2.hhwt,dhwt,Q,15,-61714
e2.dhwt.hhwt_Q,e2.dhwt,hhwt,Q,15,61714
e2.hx.hhwt_Q,e2.hx,hhwt,Q,15,-264000
e2.hhwt.hx_Q,e2.hhwt,hx,Q,15,264000
e2.sc.hx_Q,e2.sc,hx,Q,15,-264000
e2.hx.sc_Q,e2.hx,sc,Q,15,264000
e2.hhwt.ahu_Q,e2.hhwt,ahu,Q,15,-50600
e2.ahu.heat_Q,e2.ahu,heat,Q,15,50600
e2.cwt.ahu_Q,e2.cwt,ahu,Q,15,73799
e2.ahu.cool_Q,e2.ahu,cool,Q,15,-73799
e2.ac.cwt_Q,e2.ac,cwt,Q,15,69906
e2.cwt.ac_Q,e2.cwt,ac,Q,15,-69906
e2.hhwt.ac_Q,e2.hhwt,ac,Q,15,-97093
e2.ac.hhwt_Q,e2.ac,hhwt,Q,15,97093
e2.ct.ac_Q,e2.ct,ac,Q,15,167000
e2.ac.ct_Q,e2.ac,ct,Q,15,-167000
e2.ec.cwt_Q,e2.ec,cwt,Q,15,3893
e2.cwt.ec_Q,e2.cwt,ec,Q,15,-3893
e2.ice.ec_Q,e2.ice,ec,Q,15,0
e2.ec.ice_Q,e2.ec,ice,Q,15,0
e2.ice.cwt_Q,e2.ice,cwt,Q,15,0
e2.cwt.ice_Q,e2.cwt,ice,Q,15,0
e2.dhwt.loss_Q,e2.dhwt,loss,Q,15,-160
e2.dhwt.storage_Q,e2.dhwt,storage,Q,15,-54
e2.hhwt.loss_Q,e2.hhwt,loss,Q,15,-1807
e2.hhwt.storage_Q,e2.hhwt,storage,Q,15,-52784
e2.ice.storage_Q,e2.ice,storage,Q,15,0
e2.sc.IDN_Q,e2.sc,IDN,Q,15,264000
e2.dhwt.electric_Q,e2.dhwt,electric,Q,15,0
e2.dhw.Demand_Q,e2.dhw,Demand,Q,15,-61500
e2.ct.rejected_Q,e2.ct,rejected,Q,15,-167000
e2.ahu.Demand_Q,e2.ahu,Demand,Q,15,23199
e2.ec.electric_Q,e2.ec,electric,Q,15,1333
e2.ec.rejected_Q,e2.ec,rejected,Q,15,-5226
e2.ec.electric.ice_Q,e2.ec,electric.ice,Q,15,0
e2.dhwt.loss_D,e2.dhwt,loss,D,15,8
e2.hhwt.loss_D,e2.hhwt,loss,D,15,7
e2.dhwt.storage_J,e2.dhwt,storage,J,15,0
e2.hhwt.storage_J,e2.hhwt,storage,J,15,0
e2.ice.storage_J,e2.ice,storage,J,15,0
e2.dhw.dhwt_Q,e2.dhw,dhwt,Q,16,61500
e2.dhwt.dhw_Q,e2.dhwt,dhw,Q,16,-61500
e2.hhwt.dhwt_Q,e2.hhwt,dhwt,Q,16,-61607
e2.dhwt.hhwt_Q,e2.dhwt,hhwt,Q,16,61607
e2.hx.hhwt_Q,e2.hx,hhwt,Q,16,-176000
e2.hhwt.hx_Q,e2.hhwt,hx,Q,16,176000
e2.sc.hx_Q,e2.sc,hx,Q,16,-176000
e2.hx.sc_Q,e2.hx,sc,Q,16,176000
e2.hhwt.ahu_Q,e2.hhwt,ahu,Q,16,-50600
e2.ahu.heat_Q,e2.ahu,heat,Q,16,50600
e2.cwt.ahu_Q,e2.cwt,ahu,Q,16,73799
e2.ahu.cool_Q,e2.ahu,cool,Q,16,-73799
e2.ac.cwt_Q,e2.ac,cwt,Q,16,69906
e2.cwt.ac_Q,e2.cwt,ac,Q,16,-69906
e2.hhwt.ac_Q,e2.hhwt,ac,Q,16,-97093
e2.ac.hhwt_Q,e2.ac,hhwt,Q,16,97093
e2.ct.ac_Q,e2.ct,ac,Q,16,167000
e2.ac.ct_Q,e2.ac,ct,Q,16,-167000
e2.ec.cwt_Q,e2.ec,cwt,Q,16,3893
e2.cwt.ec_Q,e2.cwt,ec,Q,16,-3893
e2.ice.ec_Q,e2.ice,ec,Q,16,0
e2.ec.ice_Q,e2.ec,ice,Q,16,0
e2.ice.cwt_Q,e2.ice,cwt,Q,16,0
e2.cwt.ice_Q,e2.cwt,ice,Q,16,0
e2.dhwt.loss_Q,e2.dhwt,loss,Q,16,-162
e2.dhwt.storage_Q,e2.dhwt,storage,Q,16,54
e2.hhwt.loss_Q,e2.hhwt,loss,Q,16,-3615
e2.hhwt.storage_Q,e2.hhwt,storage,Q,16,36916
e2.ice.storage_Q,e2.ice,storage,Q,16,0
e2.sc.IDN_Q,e2.sc,IDN,Q,16,176000
e2.dhwt.electric_Q,e2.dhwt,electric,Q,16,0
e2.dhw.Demand_Q,e2.dhw,Demand,Q,16,-61500
e2.ct.rejected_Q,e2.ct,rejected,Q,16,-167000
e2.ahu.Demand_Q,e2.ahu,Demand,Q,16,23199
e2.ec.electric_Q,e2.ec,electric,Q,16,1333
e2.ec.rejected_Q,e2.ec,rejected,Q,16,-5226
e2.ec.electric.ice_Q,e2.ec,electric.ice,Q,16,0
e2.dhwt.loss_D,e2.dhwt,loss,D,16,8
e2.hhwt.loss_D,e2.hhwt,loss,D,16,15
e2.dhwt.storage_J,e2.dhwt,storage,J,16,196563
e2.hhwt.storage_J,e2.hhwt,storage,J,16,190023752
e2.ice.storage_J,e2.ice,storage,J,16,0
e2.dhw.dhwt_Q,e2.dhw,dhwt,Q,17,0
e2.dhwt.dhw_Q,e2.dhwt,dhw,Q,17,0
e2.hhwt.dhwt_Q,e2.hhwt,dhwt,Q,17,-159
e2.dhwt.hhwt_Q,e2.dhwt,hhwt,Q,17,159
e2.hx.hhwt_Q,e2.hx,hhwt,Q,17,-22851
e2.hhwt.hx_Q,e2.hhwt,hx,Q,17,22851
e2.sc.hx_Q,e2.sc,hx,Q,17,-22851
e2.hx.sc_Q,e2.hx,sc,Q,17,22851
e2.hhwt.ahu_Q,e2.hhwt,ahu,Q,17,0
e2.ahu.heat_Q,e2.ahu,heat,Q,17,0
e2.cwt.ahu_Q,e2.cwt,ahu,Q,17,0
e2.ahu.cool_Q,e2.ahu,cool,Q,17,0
e2.ac.cwt_Q,e2.ac,cwt,Q,17,0
e2.cwt.ac_Q,e2.cwt,ac,Q,17,0
e2.hhwt.ac_Q,e2.hhwt,ac,Q,17,0
e2.ac.hhwt_Q,e2.ac,hhwt,Q,17,0
e2.ct.ac_Q,e2.ct,ac,Q,17,0
e2.ac.ct_Q,e2.ac,ct,Q,17,0
e2.ec.cwt_Q,e2.ec,cwt,Q,17,0
e2.cwt.ec_Q,e2.cwt,ec,Q,17,0
e2.ice.ec_Q,e2.ice,ec,Q,17,0
e2.ec.ice_Q,e2.ec,ice,Q,17,0
e2.ice.cwt_Q,e2.ice,cwt,Q,17,0
e2.cwt.ice_Q,e2.cwt,ice,Q,17,0
e2.dhwt.loss_Q,e2.dhwt,loss,Q,17,-160
e2.dhwt.storage_Q,e2.dhwt,storage,Q,17,0
e2.hhwt.loss_Q,e2.hhwt,loss,Q,17,-2351
e2.hhwt.storage_Q,e2.hhwt,storage,Q,17,-20340
e2.ice.storage_Q,e2.ice,storage,Q,17,0
e2.sc.IDN_Q,e2.sc,IDN,Q,17,22851
e2.dhwt.electric_Q,e2.dhwt,electric,Q,17,0
e2.dhw.Demand_Q,e2.dhw,Demand,Q,17,0
e2.ct.rejected_Q,e2.ct,rejected,Q,17,0
e2.ahu.Demand_Q,e2.ahu,Demand,Q,17,0
e2.ec.electric_Q,e2.ec,electric,Q,17,0
e2.ec.rejected_Q,e2.ec,rejected,Q,17,0
e2.ec.electric.ice_Q,e2.ec,electric.ice,Q,17,0
e2.dhwt.loss_D,e2.dhwt,loss,D,17,8
e2.hhwt.loss_D,e2.hhwt,loss,D,17,10
e2.dhwt.storage_J,e2.dhwt,storage,J,17,0
e2.hhwt.storage_J,e2.hhwt,storage,J,17,57123397
e2.ice.storage_J,e2.ice,storage,J,17,0
e2.dhw.dhwt_Q,e2.dhw,dhwt,Q,18,0
e2.dhwt.dhw_Q,e2.dhwt,dhw,Q,18,0
e2.hhwt.dhwt_Q,e2.hhwt,dhwt,Q,18,-3888
e2.dhwt.hhwt_Q,e2.dhwt,hhwt,Q,18,3888
e2.hx.hhwt_Q,e2.hx,hhwt,Q,18,0
e2.hhwt.hx_Q,e2.hhwt,hx,Q,18,0
e2.sc.hx_Q,e2.sc,hx,Q,18,0
e2.hx.sc_Q,e2.hx,sc,Q,18,0
e2.hhwt.ahu_Q,e2.hhwt,ahu,Q,18,0
e2.ahu.heat_Q,e2.ahu,heat,Q,18,0
e2.cwt.ahu_Q,e2.cwt,ahu,Q,18,0
e2.ahu.cool_Q,e2.ahu,cool,Q,18,0
e2.ac.cwt_Q,e2.ac,cwt,Q,18,0
e2.cwt.ac_Q,e2.cwt,ac,Q,18,0
e2.hhwt.ac_Q,e2.hhwt,ac,Q,18,0
e2.ac.hhwt_Q,e2.ac,hhwt,Q,18,0
e2.ct.ac_Q,e2.ct,ac,Q,18,0
e2.ac.ct_Q,e2.ac,ct,Q,18,0
e2.ec.cwt_Q,e2.ec,cwt,Q,18,0
e2.cwt.ec_Q,e2.cwt,ec,Q,18,0
e2.ice.ec_Q,e2.ice,ec,Q,18,0
e2.ec.ice_Q,e2.ec,ice,Q,18,0
e2.ice.cwt_Q,e2.ice,cwt,Q,18,0
e2.cwt.ice_Q,e2.cwt,ice,Q,18,0
e2.dhwt.loss_Q,e2.dhwt,loss,Q,18,-160
e2.dhwt.storage_Q,e2.dhwt,storage,Q,18,-3728
e2.hhwt.loss_Q,e2.hhwt,loss,Q,18,-3048
e2.hhwt.storage_Q,e2.hhwt,storage,Q,18,6936
e2.ice.storage_Q,e2.ice,storage,Q,18,0
e2.sc.IDN_Q,e2.sc,IDN,Q,18,0
e2.dhwt.electric_Q,e2.dhwt,electric,Q,18,0
e2.dhw.Demand_Q,e2.dhw,Demand,Q,18,0
e2.ct.rejected_Q,e2.ct,rejected,Q,18,0
e2.ahu.Demand_Q,e2.ahu,Demand,Q,18,0
e2.ec.electric_Q,e2.ec,electric,Q,18,0
e2.ec.rejected_Q,e2.ec,rejected,Q,18,0
e2.ec.electric.ice_Q,e2.ec,electric.ice,Q,18,0
e2.dhwt.loss_D,e2.dhwt,loss,D,18,8
e2.hhwt.loss_D,e2.hhwt,loss,D,18,13
e2.dhwt.storage_J,e2.dhwt,storage,J,18,0
e2.hhwt.storage_J,e2.hhwt,storage,J,18,130347503
e2.ice.storage_J,e2.ice,storage,J,18,0
e2.dhw.dhwt_Q,e2.dhw,dhwt,Q,19,0
e2.dhwt.dhw_Q,e2.dhwt,dhw,Q,19,0
e2.hhwt.dhwt_Q,e2.hhwt,dhwt,Q,19,-319
e2.dhwt.hhwt_Q,e2.dhwt,hhwt,Q,19,319
e2.hx.hhwt_Q,e2.hx,hhwt,Q,19,0
e2.hhwt.hx_Q,e2.hhwt,hx,Q,19,0
e2.sc.hx_Q,e2.sc,hx,Q,19,0
e2.hx.sc_Q,e2.hx,sc,Q,19,0
e2.hhwt.ahu_Q,e2.hhwt,ahu,Q,19,0
e2.ahu.heat_Q,e2.ahu,heat,Q,19,0
e2.cwt.ahu_Q,e2.cwt,ahu,Q,19,0
e2.ahu.cool_Q,e2.ahu,cool,Q,19,0
e2.ac.cwt_Q,e2.ac,cwt,Q,19,0
e2.cwt.ac_Q,e2.cwt,ac,Q,19,0
e2.hhwt.ac_Q,e2.hhwt,ac,Q,19,0
e2.ac.hhwt_Q,e2.ac,hhwt,Q,19,0
e2.ct.ac_Q,e2.ct,ac,Q,19,0
e2.ac.ct_Q,e2.ac,ct,Q,19,0
e2.ec.cwt_Q,e2.ec,cwt,Q,19,0
e2.cwt.ec_Q,e2.cwt,ec,Q,19,0
e2.ice.ec_Q,e2.ice,ec,Q,19,0
e2.ec.ice_Q,e2.ec,ice,Q,19,0
e2.ice.cwt_Q,e2.ice,cwt,Q,19,0
e2.cwt.ice_Q,e2.cwt,ice,Q,19,0
e2.dhwt.loss_Q,e2.dhwt,loss,Q,19,-320
e2.dhwt.storage_Q,e2.dhwt,storage,Q,19,0
e2.hhwt.loss_Q,e2.hhwt,loss,Q,19,-2810
e2.hhwt.storage_Q,e2.hhwt,storage,Q,19,3130
e2.ice.storage_Q,e2.ice,storage,Q,19,0
e2.sc.IDN_Q,e2.sc,IDN,Q,19,0
e2.dhwt.electric_Q,e2.dhwt,electric,Q,19,0
e2.dhw.Demand_Q,e2.dhw,Demand,Q,19,0
e2.ct.rejected_Q,e2.ct,rejected,Q,19,0
e2.ahu.Demand_Q,e2.ahu,Demand,Q,19,0
e2.ec.electric_Q,e2.ec,electric,Q,19,0
e2.ec.rejected_Q,e2.ec,rejected,Q,19,0
e2.ec.electric.ice_Q,e2.ec,electric.ice,Q,19,0
e2.dhwt.loss_D,e2.dhwt,loss,D,19,16
e2.hhwt.loss_D,e2.hhwt,loss,D,19,12
e2.dhwt.storage_J,e2.dhwt,storage,J,19,13422818
e2.hhwt.storage_J,e2.hhwt,storage,J,19,105375149
e2.ice.storage_J,e2.ice,storage,J,19,0
e2.dhw.dhwt_Q,e2.dhw,dhwt,Q,20,0
e2.dhwt.dhw_Q,e2.dhwt,dhw,Q,20,0
e2.hhwt.dhwt_Q,e2.hhwt,dhwt,Q,20,3408
e2.dhwt.hhwt_Q,e2.dhwt,hhwt,Q,20,-3408
e2.hx.hhwt_Q,e2.hx,hhwt,Q,20,0
e2.hhwt.hx_Q,e2.hhwt,hx,Q,20,0
e2.sc.hx_Q,e2.sc,hx,Q,20,0
e2.hx.sc_Q,e2.hx,sc,Q,20,0
e2.hhwt.ahu_Q,e2.hhwt,ahu,Q,20,0
e2.ahu.heat_Q,e2.ahu,heat,Q,20,0
e2.cwt.ahu_Q,e2.cwt,ahu,Q,20,0
e2.ahu.cool_Q,e2.ahu,cool,Q,20,0
e2.ac.cwt_Q,e2.ac,cwt,Q,20,0
e2.cwt.ac_Q,e2.cwt,ac,Q,20,0
e2.hhwt.ac_Q,e2.hhwt,ac,Q,20,0
e2.ac.hhwt_Q,e2.ac,hhwt,Q,20,0
e2.ct.ac_Q,e2.ct,ac,Q,20,0
e2.ac.ct_Q,e2.ac,ct,Q,20,0
e2.ec.cwt_Q,e2.ec,cwt,Q,20,0
e2.cwt.ec_Q,e2.cwt,ec,Q,20,0
e2.ice.ec_Q,e2.ice,ec,Q,20,0
e2.ec.ice_Q,e2.ec,ice,Q,20,0
e2.ice.cwt_Q,e2.ice,cwt,Q,20,0
e2.cwt.ice_Q,e2.cwt,ice,Q,20,0
e2.dhwt.loss_Q,e2.dhwt,loss,Q,20,-319
e2.dhwt.storage_Q,e2.dhwt,storage,Q,20,3728
e2.hhwt.loss_Q,e2.hhwt,loss,Q,20,-2703
e2.hhwt.storage_Q,e2.hhwt,storage,Q,20,-705
e2.ice.storage_Q,e2.ice,storage,Q,20,0
e2.sc.IDN_Q,e2.sc,IDN,Q,20,0
e2.dhwt.electric_Q,e2.dhwt,electric,Q,20,0
e2.dhw.Demand_Q,e2.dhw,Demand,Q,20,0
e2.ct.rejected_Q,e2.ct,rejected,Q,20,0
e2.ahu.Demand_Q,e2.ahu,Demand,Q,20,0
e2.ec.electric_Q,e2.ec,electric,Q,20,0
e2.ec.rejected_Q,e2.ec,rejected,Q,20,0
e2.ec.electric.ice_Q,e2.ec,electric.ice,Q,20,0
e2.dhwt.loss_D,e2.dhwt,loss,D,20,15
e2.hhwt.loss_D,e2.hhwt,loss,D,20,11
e2.dhwt.storage_J,e2.dhwt,storage,J,20,13422818
e2.hhwt.storage_J,e2.hhwt,storage,J,20,94104980
e2.ice.storage_J,e2.ice,storage,J,20,0
e2.dhw.dhwt_Q,e2.dhw,dhwt,Q,21,0
e2.dhwt.dhw_Q,e2.dhwt,dhw,Q,21,0
e2.hhwt.dhwt_Q,e2.hhwt,dhwt,Q,21,-160
e2.dhwt.hhwt_Q,e2.dhwt,hhwt,Q,21,160
e2.hx.hhwt_Q,e2.hx,hhwt,Q,21,0
e2.hhwt.hx_Q,e2.hhwt,hx,Q,21,0
e2.sc.hx_Q,e2.sc,hx,Q,21,0
e2.hx.sc_Q,e2.hx,sc,Q,21,0
e2.hhwt.ahu_Q,e2.hhwt,ahu,Q,21,0
e2.ahu.heat_Q,e2.ahu,heat,Q,21,0
e2.cwt.ahu_Q,e2.cwt,ahu,Q,21,0
e2.ahu.cool_Q,e2.ahu,cool,Q,21,0
e2.ac.cwt_Q,e2.ac,cwt,Q,21,0
e2.cwt.ac_Q,e2.cwt,ac,Q,21,0
e2.hhwt.ac_Q,e2.hhwt,ac,Q,21,0
e2.ac.hhwt_Q,e2.ac,hhwt,Q,21,0
e2.ct.ac_Q,e2.ct,ac,Q,21,0
e2.ac.ct_Q,e2.ac,ct,Q,21,0
e2.ec.cwt_Q,e2.ec,cwt,Q,21,0
e2.cwt.ec_Q,e2.cwt,ec,Q,21,0
e2.ice.ec_Q,e2.ice,ec,Q,21,0
e2.ec.ice_Q,e2.ec,ice,Q,21,0
e2.ice.cwt_Q,e2.ice,cwt,Q,21,0
e2.cwt.ice_Q,e2.cwt,ice,Q,21,0
e2.dhwt.loss_Q,e2.dhwt,loss,Q,21,-159
e2.dhwt.storage_Q,e2.dhwt,storage,Q,21,0
e2.hhwt.loss_Q,e2.hhwt,loss,Q,21,-2727
e2.hhwt.storage_Q,e2.hhwt,storage,Q,21,2887
e2.ice.storage_Q,e2.ice,storage,Q,21,0
e2.sc.IDN_Q,e2.sc,IDN,Q,21,0
e2.dhwt.electric_Q,e2.dhwt,electric,Q,21,0
e2.dhw.Demand_Q,e2.dhw,Demand,Q,21,0
e2.ct.rejected_Q,e2.ct,rejected,Q,21,0
e2.ahu.Demand_Q,e2.ahu,Demand,Q,21,0
e2.ec.electric_Q,e2.ec,electric,Q,21,0
e2.ec.rejected_Q,e2.ec,rejected,Q,21,0
e2.ec.electric.ice_Q,e2.ec,electric.ice,Q,21,0
e2.dhwt.loss_D,e2.dhwt,loss,D,21,7
e2.hhwt.loss_D,e2.hhwt,loss,D,21,12
e2.dhwt.storage_J,e2.dhwt,storage,J,21,0
e2.hhwt.storage_J,e2.hhwt,storage,J,21,96643662
e2.ice.storage_J,e2.ice,storage,J,21,0
e2.dhw.dhwt_Q,e2.dhw,dhwt,Q,22,0
e2.dhwt.dhw_Q,e2.dhwt,dhw,Q,22,0
e2.hhwt.dhwt_Q,e2.hhwt,dhwt,Q,22,-160
e2.dhwt.hhwt_Q,e2.dhwt,hhwt,Q,22,160
e2.hx.hhwt_Q,e2.hx,hhwt,Q,22,0
e2.hhwt.hx_Q,e2.hhwt,hx,Q,22,0
e2.sc.hx_Q,e2.sc,hx,Q,22,0
e2.hx.sc_Q,e2.hx,sc,Q,22,0
e2.hhwt.ahu_Q,e2.hhwt,ahu,Q,22,0
e2.ahu.heat_Q,e2.ahu,heat,Q,22,0
e2.cwt.ahu_Q,e2.cwt,ahu,Q,22,0
e2.ahu.cool_Q,e2.ahu,cool,Q,22,0
e2.ac.cwt_Q,e2.ac,cwt,Q,22,0
e2.cwt.ac_Q,e2.cwt,ac,Q,22,0
e2.hhwt.ac_Q,e2.hhwt,ac,Q,22,0
e2.ac.hhwt_Q,e2.ac,hhwt,Q,22,0
e2.ct.ac_Q,e2.ct,ac,Q,22,0
e2.ac.ct_Q,e2.ac,ct,Q,22,0
e2.ec.cwt_Q,e2.ec,cwt,Q,22,0
e2.cwt.ec_Q,e2.cwt,ec,Q,22,0
e2.ice.ec_Q,e2.ice,ec,Q,22,0
e2.ec.ice_Q,e2.ec,ice,Q,22,0
e2.ice.cwt_Q,e2.ice,cwt,Q,22,0
e2.cwt.ice_Q,e2.cwt,ice,Q,22,0
e2.dhwt.loss_Q,e2.dhwt,loss,Q,22,-159
e2.dhwt.storage_Q,e2.dhwt,storage,Q,22,0
e2.hhwt.loss_Q,e2.hhwt,loss,Q,22,-2628
e2.hhwt.storage_Q,e2.hhwt,storage,Q,22,2788
e2.ice.storage_Q,e2.ice,storage,Q,22,0
e2.sc.IDN_Q,e2.sc,IDN,Q,22,0
e2.dhwt.electric_Q,e2.dhwt,electric,Q,22,0
e2.dhw.Demand_Q,e2.dhw,Demand,Q,22,0
e2.ct.rejected_Q,e2.ct,rejected,Q,22,0
e2.ahu.Demand_Q,e2.ahu,Demand,Q,22,0
e2.ec.electric_Q,e2.ec,electric,Q,22,0
e2.ec.rejected_Q,e2.ec,rejected,Q,22,0
e2.ec.electric.ice_Q,e2.ec,electric.ice,Q,22,0
e2.dhwt.loss_D,e2.dhwt,loss,D,22,7
e2.hhwt.loss_D,e2.hhwt,loss,D,22,11
e2.dhwt.storage_J,e2.dhwt,storage,J,22,0
e2.hhwt.storage_J,e2.hhwt,storage,J,22,86248570
e2.ice.storage_J,e2.ice,storage,J,22,0
e2.dhw.dhwt_Q,e2.dhw,dhwt,Q,23,0
e2.dhwt.dhw_Q,e2.dhwt,dhw,Q,23,0
e2.hhwt.dhwt_Q,e2.hhwt,dhwt,Q,23,-160
e2.dhwt.hhwt_Q,e2.dhwt,hhwt,Q,23,160
e2.hx.hhwt_Q,e2.hx,hhwt,Q,23,0
e2.hhwt.hx_Q,e2.hhwt,hx,Q,23,0
e2.sc.hx_Q,e2.sc,hx,Q,23,0
e2.hx.sc_Q,e2.hx,sc,Q,23,0
e2.hhwt.ahu_Q,e2.hhwt,ahu,Q,23,0
e2.ahu.heat_Q,e2.ahu,heat,Q,23,0
e2.cwt.ahu_Q,e2.cwt,ahu,Q,23,0
e2.ahu.cool_Q,e2.ahu,cool,Q,23,0
e2.ac.cwt_Q,e2.ac,cwt,Q,23,0
e2.cwt.ac_Q,e2.cwt,ac,Q,23,0
e2.hhwt.ac_Q,e2.hhwt,ac,Q,23,0
e2.ac.hhwt_Q,e2.ac,hhwt,Q,23,0
e2.ct.ac_Q,e2.ct,ac,Q,23,0
e2.ac.ct_Q,e2.ac,ct,Q,23,0
e2.ec.cwt_Q,e2.ec,cwt,Q,23,0
e2.cwt.ec_Q,e2.cwt,ec,Q,23,0
e2.ice.ec_Q,e2.ice,ec,Q,23,-16279
e2.ec.ice_Q,e2.ec,ice,Q,23,16279
e2.ice.cwt_Q,e2.ice,cwt,Q,23,0
e2.cwt.ice_Q,e2.cwt,ice,Q,23,0
e2.dhwt.loss_Q,e2.dhwt,loss,Q,23,-159
e2.dhwt.storage_Q,e2.dhwt,storage,Q,23,0
e2.hhwt.loss_Q,e2.hhwt,loss,Q,23,-2533
e2.hhwt.storage_Q,e2.hhwt,storage,Q,23,2693
e2.ice.storage_Q,e2.ice,storage,Q,23,16279
e2.sc.IDN_Q,e2.sc,IDN,Q,23,0
e2.dhwt.electric_Q,e2.dhwt,electric,Q,23,0
e2.dhw.Demand_Q,e2.dhw,Demand,Q,23,0
e2.ct.rejected_Q,e2.ct,rejected,Q,23,0
e2.ahu.Demand_Q,e2.ahu,Demand,Q,23,0
e2.ec.electric_Q,e2.ec,electric,Q,23,0
e2.ec.rejected_Q,e2.ec,rejected,Q,23,-21630
e2.ec.electric.ice_Q,e2.ec,electric.ice,Q,23,5351
e2.dhwt.loss_D,e2.dhwt,loss,D,23,7
e2.hhwt.loss_D,e2.hhwt,loss,D,23,11
e2.dhwt.storage_J,e2.dhwt,storage,J,23,0
e2.hhwt.storage_J,e2.hhwt,storage,J,23,76209535
e2.ice.storage_J,e2.ice,storage,J,23,0
e2.dhw.dhwt_Q,e2.dhw,dhwt,Q,24,0
e2.dhwt.dhw_Q,e2.dhwt,dhw,Q,24,0
e2.hhwt.dhwt_Q,e2.hhwt,dhwt,Q,24,-160
e2.dhwt.hhwt_Q,e2.dhwt,hhwt,Q,24,160
e2.hx.hhwt_Q,e2.hx,hhwt,Q,24,0
e2.hhwt.hx_Q,e2.hhwt,hx,Q,24,0
e2.sc.hx_Q,e2.sc,hx,Q,24,0
e2.hx.sc_Q,e2.hx,sc,Q,24,0
e2.hhwt.ahu_Q,e2.hhwt,ahu,Q,24,0
e2.ahu.heat_Q,e2.ahu,heat,Q,24,0
e2.cwt.ahu_Q,e2.cwt,ahu,Q,24,0
e2.ahu.cool_Q,e2.ahu,cool,Q,24,0
e2.ac.cwt_Q,e2.ac,cwt,Q,24,0
e2.cwt.ac_Q,e2.cwt,ac,Q,24,0
e2.hhwt.ac_Q,e2.hhwt,ac,Q,24,0
e2.ac.hhwt_Q,e2.ac,hhwt,Q,24,0
e2.ct.ac_Q,e2.ct,ac,Q,24,0
e2.ac.ct_Q,e2.ac,ct,Q,24,0
e2.ec.cwt_Q,e2.ec,cwt,Q,24,0
e2.cwt.ec_Q,e2.cwt,ec,Q,24,0
e2.ice.ec_Q,e2.ice,ec,Q,24,-17199
e2.ec.ice_Q,e2.ec,ice,Q,24,17199
e2.ice.cwt_Q,e2.ice,cwt,Q,24,0
e2.cwt.ice_Q,e2.cwt,ice,Q,24,0
e2.dhwt.loss_Q,e2.dhwt,loss,Q,24,-159
e2.dhwt.storage_Q,e2.dhwt,storage,Q,24,0
e2.hhwt.loss_Q,e2.hhwt,loss,Q,24,-2440
e2.hhwt.storage_Q,e2.hhwt,storage,Q,24,2600
e2.ice.storage_Q,e2.ice,storage,Q,24,17199
e2.sc.IDN_Q,e2.sc,IDN,Q,24,0
e2.dhwt.electric_Q,e2.dhwt,electric,Q,24,0
e2.dhw.Demand_Q,e2.dhw,Demand,Q,24,0
e2.ct.rejected_Q,e2.ct,rejected,Q,24,0
e2.ahu.Demand_Q,e2.ahu,Demand,Q,24,0
e2.ec.electric_Q,e2.ec,electric,Q,24,0
e2.ec.rejected_Q,e2.ec,rejected,Q,24,-22854
e2.ec.electric.ice_Q,e2.ec,electric.ice,Q,24,5654
e2.dhwt.loss_D,e2.dhwt,loss,D,24,7
e2.hhwt.loss_D,e2.hhwt,loss,D,24,10
e2.dhwt.storage_J,e2.dhwt,storage,J,24,0
e2.hhwt.storage_J,e2.hhwt,storage,J,24,66514364
e2.ice.storage_J,e2.ice,storage,J,24,-58604651
e2.dhw.dhwt_Q,e2.dhw,dhwt,Q,25,0
e2.dhwt.dhw_Q,e2.dhwt,dhw,Q,25,0
e2.hhwt.dhwt_Q,e2.hhwt,dhwt,Q,25,-160
e2.dhwt.hhwt_Q,e2.dhwt,hhwt,Q,25,160
e2.hx.hhwt_Q,e2.hx,hhwt,Q,25,0
e2.hhwt.hx_Q,e2.hhwt,hx,Q,25,0
e2.sc.hx_Q,e2.sc,hx,Q,25,0
e2.hx.sc_Q,e2.hx,sc,Q,25,0
e2.hhwt.ahu_Q,e2.hhwt,ahu,Q,25,0
e2.ahu.heat_Q,e2.ahu,heat,Q,25,0
e2.cwt.ahu_Q,e2.cwt,ahu,Q,25,0
e2.ahu.cool_Q,e2.ahu,cool,Q,25,0
e2.ac.cwt_Q,e2.ac,cwt,Q,25,0
e2.cwt.ac_Q,e2.cwt,ac,Q,25,0
e2.hhwt.ac_Q,e2.hhwt,ac,Q,25,0
e2.ac.hhwt_Q,e2.ac,hhwt,Q,25,0
e2.ct.ac_Q,e2.ct,ac,Q,25,0
e2.ac.ct_Q,e2.ac,ct,Q,25,0
e2.ec.cwt_Q,e2.ec,cwt,Q,25,0
e2.cwt.ec_Q,e2.cwt,ec,Q,25,0
e2.ice.ec_Q,e2.ice,ec,Q,25,-17199
e2.ec.ice_Q,e2.ec,ice,Q,25,17199
e2.ice.cwt_Q,e2.ice,cwt,Q,25,0
e2.cwt.ice_Q,e2.cwt,ice,Q,25,0
e2.dhwt.loss_Q,e2.dhwt,loss,Q,25,-159
e2.dhwt.storage_Q,e2.dhwt,storage,Q,25,0
e2.hhwt.loss_Q,e2.hhwt,loss,Q,25,-2351
e2.hhwt.storage_Q,e2.hhwt,storage,Q,25,2511
e2.ice.storage_Q,e2.ice,storage,Q,25,17199
e2.sc.IDN_Q,e2.sc,IDN,Q,25,0
e2.dhwt.electric_Q,e2.dhwt,electric,Q,25,0
e2.dhw.Demand_Q,e2.dhw,Demand,Q,25,0
e2.ct.rejected_Q,e2.ct,rejected,Q,25,0
e2.ahu.Demand_Q,e2.ahu,Demand,Q,25,0
e2.ec.electric_Q,e2.ec,electric,Q,25,0
e2.ec.rejected_Q,e2.ec,rejected,Q,25,-22854
e2.ec.electric.ice_Q,e2.ec,electric.ice,Q,25,5654
e2.dhwt.loss_D,e2.dhwt,loss,D,25,7
e2.hhwt.loss_D,e2.hhwt,loss,D,25,10
e2.dhwt.storage_J,e2.dhwt,storage,J,25,0
e2.hhwt.storage_J,e2.hhwt,storage,J,25,57151276
e2.ice.storage_J,e2.ice,storage,J,25,-120524651
e2.dhw.dhwt_Q,e2.dhw,dhwt,Q,26,0
e2.dhwt.dhw_Q,e2.dhwt,dhw,Q,26,0
e2.hhwt.dhwt_Q,e2.hhwt,dhwt,Q,26,-160
e2.dhwt.hhwt_Q,e2.dhwt,hhwt,Q,26,160
e2.hx.hhwt_Q,e2.hx,hhwt,Q,26,0
e2.hhwt.hx_Q,e2.hhwt,hx,Q,26,0
e2.sc.hx_Q,e2.sc,hx,Q,26,0
e2.hx.sc_Q,e2.hx,sc,Q,26,0
e2.hhwt.ahu_Q,e2.hhwt,ahu,Q,26,0
e2.ahu.heat_Q,e2.ahu,heat,Q,26,0
e2.cwt.ahu_Q,e2.cwt,ahu,Q,26,0
e2.ahu.cool_Q,e2.ahu,cool,Q,26,0
e2.ac.cwt_Q,e2.ac,cwt,Q,26,0
e2.cwt.ac_Q,e2.cwt,ac,Q,26,0
e2.hhwt.ac_Q,e2.hhwt,ac,Q,26,0
e2.ac.hhwt_Q,e2.ac,hhwt,Q,26,0
e2.ct.ac_Q,e2.ct,ac,Q,26,0
e2.ac.ct_Q,e2.ac,ct,Q,26,0
e2.ec.cwt_Q,e2.ec,cwt,Q,26,0
e2.cwt.ec_Q,e2.cwt,ec,Q,26,0
e2.ice.ec_Q,e2.ice,ec,Q,26,-17199
e2.ec.ice_Q,e2.ec,ice,Q,26,17199
e2.ice.cwt_Q,e2.ice,cwt,Q,26,0
e2.cwt.ice_Q,e2.cwt,ice,Q,26,0
e2.dhwt.loss_Q,e2.dhwt,loss,Q,26,-159
e2.dhwt.storage_Q,e2.dhwt,storage,Q,26,0
e2.hhwt.loss_Q,e2.hhwt,loss,Q,26,-2265
e2.hhwt.storage_Q,e2.hhwt,storage,Q,26,2425
e2.ice.storage_Q,e2.ice,storage,Q,26,17199
e2.sc.IDN_Q,e2.sc,IDN,Q,26,0
e2.dhwt.electric_Q,e2.dhwt,electric,Q,26,0
e2.dhw.Demand_Q,e2.dhw,Demand,Q,26,0
e2.ct.rejected_Q,e2.ct,rejected,Q,26,0
e2.ahu.Demand_Q,e2.ahu,Demand,Q,26,0
e2.ec.electric_Q,e2.ec,electric,Q,26,0
e2.ec.rejected_Q,e2.ec,rejected,Q,26,-22854
e2.ec.electric.ice_Q,e2.ec,electric.ice,Q,26,5654
e2.dhwt.loss_D,e2.dhwt,loss,D,26,7
e2.hhwt.loss_D,e2.hhwt,loss,D,26,10
e2.dhwt.storage_J,e2.dhwt,storage,J,26,0
e2.hhwt.storage_J,e2.hhwt,storage,J,26,48108899
e2.ice.storage_J,e2.ice,storage,J,26,-182444651
e2.dhw.dhwt_Q,e2.dhw,dhwt,Q,27,0
e2.dhwt.dhw_Q,e2.dhwt,dhw,Q,27,0
e2.hhwt.dhwt_Q,e2.hhwt,dhwt,Q,27,-160
e2.dhwt.hhwt_Q,e2.dhwt,hhwt,Q,27,160
e2.hx.hhwt_Q,e2.hx,hhwt,Q,27,0
e2.hhwt.hx_Q,e2.hhwt,hx,Q,27,0
e2.sc.hx_Q,e2.sc,hx,Q,27,0
e2.hx.sc_Q,e2.hx,sc,Q,27,0
e2.hhwt.ahu_Q,e2.hhwt,ahu,Q,27,0
e2.ahu.heat_Q,e2.ahu,heat,Q,27,0
e2.cwt.ahu_Q,e2.cwt,ahu,Q,27,0
e2.ahu.cool_Q,e2.ahu,cool,Q,27,0
e2.ac.cwt_Q,e2.ac,cwt,Q,27,0
e2.cwt.ac_Q,e2.cwt,ac,Q,27,0
e2.hhwt.ac_Q,e2.hhwt,ac,Q,27,0
e2.ac.hhwt_Q,e2.ac,hhwt,Q,27,0
e2.ct.ac_Q,e2.ct,ac,Q,27,0
e2.ac.ct_Q,e2.ac,ct,Q,27,0
e2.ec.cwt_Q,e2.ec,cwt,Q,27,0
e2.cwt.ec_Q,e2.cwt,ec,Q,27,0
e2.ice.ec_Q,e2.ice,ec,Q,27,-17199
e2.ec.ice_Q,e2.ec,ice,Q,27,17199
e2.ice.cwt_Q,e2.ice,cwt,Q,27,0
e2.cwt.ice_Q,e2.cwt,ice,Q,27,0
e2.dhwt.loss_Q,e2.dhwt,loss,Q,27,-159
e2.dhwt.storage_Q,e2.dhwt,storage,Q,27,0
e2.hhwt.loss_Q,e2.hhwt,loss,Q,27,-2182
e2.hhwt.storage_Q,e2.hhwt,storage,Q,27,2342
e2.ice.storage_Q,e2.ice,storage,Q,27,17199
e2.sc.IDN_Q,e2.sc,IDN,Q,27,0
e2.dhwt.electric_Q,e2.dhwt,electric,Q,27,0
e2.dhw.Demand_Q,e2.dhw,Demand,Q,27,0
e2.ct.rejected_Q,e2.ct,rejected,Q,27,0
e2.ahu.Demand_Q,e2.ahu,Demand,Q,27,0
e2.ec.electric_Q,e2.ec,electric,Q,27,0
e2.ec.rejected_Q,e2.ec,rejected,Q,27,-22854
e2.ec.electric.ice_Q,e2.ec,electric.ice,Q,27,5654
e2.dhwt.loss_D,e2.dhwt,loss,D,27,7
e2.hhwt.loss_D,e2.hhwt,loss,D,27,9
e2.dhwt.storage_J,e2.dhwt,storage,J,27,0
e2.hhwt.storage_J,e2.hhwt,storage,J,27,39376246
e2.ice.storage_J,e2.ice,storage,J,27,-244364651
e2.dhw.dhwt_Q,e2.dhw,dhwt,Q,28,0
e2.dhwt.dhw_Q,e2.dhwt,dhw,Q,28,0
e2.hhwt.dhwt_Q,e2.hhwt,dhwt,Q,28,-160
e2.dhwt.hhwt_Q,e2.dhwt,hhwt,Q,28,160
e2.hx.hhwt_Q,e2.hx,hhwt,Q,28,0
e2.hhwt.hx_Q,e2.hhwt,hx,Q,28,0
e2.sc.hx_Q,e2.sc,hx,Q,28,0
e2.hx.sc_Q,e2.hx,sc,Q,28,0
e2.hhwt.ahu_Q,e2.hhwt,ahu,Q,28,0
e2.ahu.heat_Q,e2.ahu,heat,Q,28,0
e2.cwt.ahu_Q,e2.cwt,ahu,Q,28,0
e2.ahu.cool_Q,e2.ahu,cool,Q,28,0
e2.ac.cwt_Q,e2.ac,cwt,Q,28,0
e2.cwt.ac_Q,e2.cwt,ac,Q,28,0
e2.hhwt.ac_Q,e2.hhwt,ac,Q,28,0
e2.ac.hhwt_Q,e2.ac,hhwt,Q,28,0
e2.ct.ac_Q,e2.ct,ac,Q,28,0
e2.ac.ct_Q,e2.ac,ct,Q,28,0
e2.ec.cwt_Q,e2.ec,cwt,Q,28,0
e2.cwt.ec_Q,e2.cwt,ec,Q,28,0
e2.ice.ec_Q,e2.ice,ec,Q,28,-17199
e2.ec.ice_Q,e2.ec,ice,Q,28,17199
e2.ice.cwt_Q,e2.ice,cwt,Q,28,0
e2.cwt.ice_Q,e2.cwt,ice,Q,28,0
e2.dhwt.loss_Q,e2.dhwt,loss,Q,28,-159
e2.dhwt.storage_Q,e2.dhwt,storage,Q,28,0
e2.hhwt.loss_Q,e2.hhwt,loss,Q,28,-2102
e2.hhwt.storage_Q,e2.hhwt,storage,Q,28,2262
e2.ice.storage_Q,e2.ice,storage,Q,28,17199
e2.sc.IDN_Q,e2.sc,IDN,Q,28,0
e2.dhwt.electric_Q,e2.dhwt,electric,Q,28,0
e2.dhw.Demand_Q,e2.dhw,Demand,Q,28,0
e2.ct.rejected_Q,e2.ct,rejected,Q,28,0
e2.ahu.Demand_Q,e2.ahu,Demand,Q,28,0
e2.ec.electric_Q,e2.ec,electric,Q,28,0
e2.ec.rejected_Q,e2.ec,rejected,Q,28,-22854
e2.ec.electric.ice_Q,e2.ec,electric.ice,Q,28,5654
e2.dhwt.loss_D,e2.dhwt,loss,D,28,7
e2.hhwt.loss_D,e2.hhwt,loss,D,28,9
e2.dhwt.storage_J,e2.dhwt,storage,J,28,0
e2.hhwt.storage_J,e2.hhwt,storage,J,28,30942709
e2.ice.storage_J,e2.ice,storage,J,28,-306284651
e2.dhw.dhwt_Q,e2.dhw,dhwt,Q,29,0
e2.dhwt.dhw_Q,e2.dhwt,dhw,Q,29,0
e2.hhwt.dhwt_Q,e2.hhwt,dhwt,Q,29,-160
e2.dhwt.hhwt_Q,e2.dhwt,hhwt,Q,29,160
e2.hx.hhwt_Q,e2.hx,hhwt,Q,29,0
e2.hhwt.hx_Q,e2.hhwt,hx,Q,29,0
e2.sc.hx_Q,e2.sc,hx,Q,29,0
e2.hx.sc_Q,e2.hx,sc,Q,29,0
e2.hhwt.ahu_Q,e2.hhwt,ahu,Q,29,0
e2.ahu.heat_Q,e2.ahu,heat,Q,29,0
e2.cwt.ahu_Q,e2.cwt,ahu,Q,29,0
e2.ahu.cool_Q,e2.ahu,cool,Q,29,0
e2.ac.cwt_Q,e2.ac,cwt,Q,29,0
e2.cwt.ac_Q,e2.cwt,ac,Q,29,0
e2.hhwt.ac_Q,e2.hhwt,ac,Q,29,0
e2.ac.hhwt_Q,e2.ac,hhwt,Q,29,0
e2.ct.ac_Q,e2.ct,ac,Q,29,0
e2.ac.ct_Q,e2.ac,ct,Q,29,0
e2.ec.cwt_Q,e2.ec,cwt,Q,29,0
e2.cwt.ec_Q,e2.cwt,ec,Q,29,0
e2.ice.ec_Q,e2.ice,ec,Q,29,-17199
e2.ec.ice_Q,e2.ec,ice,Q,29,17199
e2.ice.cwt_Q,e2.ice,cwt,Q,29,0
e2.cwt.ice_Q,e2.cwt,ice,Q,29,0
e2.dhwt.loss_Q,e2.dhwt,loss,Q,29,-159
e2.dhwt.storage_Q,e2.dhwt,storage,Q,29,0
e2.hhwt.loss_Q,e2.hhwt,loss,Q,29,-2024
e2.hhwt.storage_Q,e2.hhwt,storage,Q,29,2184
e2.ice.storage_Q,e2.ice,storage,Q,29,17199
e2.sc.IDN_Q,e2.sc,IDN,Q,29,0
e2.dhwt.electric_Q,e2.dhwt,electric,Q,29,0
e2.dhw.Demand_Q,e2.dhw,Demand,Q,29,0
e2.ct.rejected_Q,e2.ct,rejected,Q,29,0
e2.ahu.Demand_Q,e2.ahu,Demand,Q,29,0
e2.ec.electric_Q,e2.ec,electric,Q,29,0
e2.ec.rejected_Q,e2.ec,rejected,Q,29,-22854
e2.ec.electric.ice_Q,e2.ec,electric.ice,Q,29,5654
e2.dhwt.loss_D,e2.dhwt,loss,D,29,7
e2.hhwt.loss_D,e2.hhwt,loss,D,29,8
e2.dhwt.storage_J,e2.dhwt,storage,J,29,0
e2.hhwt.storage_J,e2.hhwt,storage,J,29,22798042
e2.ice.storage_J,e2.ice,storage,J,29,-368204651
e2.dhw.dhwt_Q,e2.dhw,dhwt,Q,30,0
e2.dhwt.dhw_Q,e2.dhwt,dhw,Q,30,0
e2.hhwt.dhwt_Q,e2.hhwt,dhwt,Q,30,-160
e2.dhwt.hhwt_Q,e2.dhwt,hhwt,Q,30,160
e2.hx.hhwt_Q,e2.hx,hhwt,Q,30,0
e2.hhwt.hx_Q,e2.hhwt,hx,Q,30,0
e2.sc.hx_Q,e2.sc,hx,Q,30,0
e2.hx.sc_Q,e2.hx,sc,Q,30,0
e2.hhwt.ahu_Q,e2.hhwt,ahu,Q,30,0
e2.ahu.heat_Q,e2.ahu,heat,Q,30,0
e2.cwt.ahu_Q,e2.cwt,ahu,Q,30,0
e2.ahu.cool_Q,e2.ahu,cool,Q,30,0
e2.ac.cwt_Q,e2.ac,cwt,Q,30,0
e2.cwt.ac_Q,e2.cwt,ac,Q,30,0
e2.hhwt.ac_Q,e2.hhwt,ac,Q,30,0
e2.ac.hhwt_Q,e2.ac,hhwt,Q,30,0
e2.ct.ac_Q,e2.ct,ac,Q,30,0
e2.ac.ct_Q,e2.ac,ct,Q,30,0
e2.ec.cwt_Q,e2.ec,cwt,Q,30,0
e2.cwt.ec_Q,e2.cwt,ec,Q,30,0
e2.ice.ec_Q,e2.ice,ec,Q,30,-17199
e2.ec.ice_Q,e2.ec,ice,Q,30,17199
e2.ice.cwt_Q,e2.ice,cwt,Q,30,0
e2.cwt.ice_Q,e2.cwt,ice,Q,30,0
e2.dhwt.loss_Q,e2.dhwt,loss,Q,30,-159
e2.dhwt.storage_Q,e2.dhwt,storage,Q,30,0
e2.hhwt.loss_Q,e2.hhwt,loss,Q,30,-1950
e2.hhwt.storage_Q,e2.hhwt,storage,Q,30,2110
e2.ice.storage_Q,e2.ice,storage,Q,30,17199
e2.sc.IDN_Q,e2.sc,IDN,Q,30,0
e2.dhwt.electric_Q,e2.dhwt,electric,Q,30,0
e2.dhw.Demand_Q,e2.dhw,Demand,Q,30,0
e2.ct.rejected_Q,e2.ct,rejected,Q,30,0
e2.ahu.Demand_Q,e2.ahu,Demand,Q,30,0
e2.ec.electric_Q,e2.ec,electric,Q,30,0
e2.ec.rejected_Q,e2.ec,rejected,Q,30,-22854
e2.ec.electric.ice_Q,e2.ec,electric.ice,Q,30,5654
e2.dhwt.loss_D,e2.dhwt,loss,D,30,7
e2.hhwt.loss_D,e2.hhwt,loss,D,30,8
e2.dhwt.storage_J,e2.dhwt,storage,J,30,0
e2.hhwt.storage_J,e2.hhwt,storage,J,30,14932350
e2.ice.storage_J,e2.ice,storage,J,30,-430124651
e2.dhw.dhwt_Q,e2.dhw,dhwt,Q,31,0
e2.dhwt.dhw_Q,e2.dhwt,dhw,Q,31,0
e2.hhwt.dhwt_Q,e2.hhwt,dhwt,Q,31,-159
e2.dhwt.hhwt_Q,e2.dhwt,hhwt,Q,31,159
e2.hx.hhwt_Q,e2.hx,hhwt,Q,31,0
e2.hhwt.hx_Q,e2.hhwt,hx,Q,31,0
e2.sc.hx_Q,e2.sc,hx,Q,31,0
e2.hx.sc_Q,e2.hx,sc,Q,31,0
e2.hhwt.ahu_Q,e2.hhwt,ahu,Q,31,0
e2.ahu.heat_Q,e2.ahu,heat,Q,31,0
e2.cwt.ahu_Q,e2.cwt,ahu,Q,31,0
e2.ahu.cool_Q,e2.ahu,cool,Q,31,0
e2.ac.cwt_Q,e2.ac,cwt,Q,31,0
e2.cwt.ac_Q,e2.cwt,ac,Q,31,0
e2.hhwt.ac_Q,e2.hhwt,ac,Q,31,0
e2.ac.hhwt_Q,e2.ac,hhwt,Q,31,0
e2.ct.ac_Q,e2.ct,ac,Q,31,0
e2.ac.ct_Q,e2.ac,ct,Q,31,0
e2.ec.cwt_Q,e2.ec,cwt,Q,31,0
e2.cwt.ec_Q,e2.cwt,ec,Q,31,0
e2.ice.ec_Q,e2.ice,ec,Q,31,0
e2.ec.ice_Q,e2.ec,ice,Q,31,0
e2.ice.cwt_Q,e2.ice,cwt,Q,31,0
e2.cwt.ice_Q,e2.cwt,ice,Q,31,0
e2.dhwt.loss_Q,e2.dhwt,loss,Q,31,-160
e2.dhwt.storage_Q,e2.dhwt,storage,Q,31,0
e2.hhwt.loss_Q,e2.hhwt,loss,Q,31,-1877
e2.hhwt.storage_Q,e2.hhwt,storage,Q,31,2037
e2.ice.storage_Q,e2.ice,storage,Q,31,0
e2.sc.IDN_Q,e2.sc,IDN,Q,31,0
e2.dhwt.electric_Q,e2.dhwt,electric,Q,31,0
e2.dhw.Demand_Q,e2.dhw,Demand,Q,31,0
e2.ct.rejected_Q,e2.ct,rejected,Q,31,0
e2.ahu.Demand_Q,e2.ahu,Demand,Q,31,0
e2.ec.electric_Q,e2.ec,electric,Q,31,0
e2.ec.rejected_Q,e2.ec,rejected,Q,31,0
e2.ec.electric.ice_Q,e2.ec,electric.ice,Q,31,0
e2.dhwt.loss_D,e2.dhwt,loss,D,31,8
e2.hhwt.loss_D,e2.hhwt,loss,D,31,8
e2.dhwt.storage_J,e2.dhwt,storage,J,31,0
e2.hhwt.storage_J,e2.hhwt,storage,J,31,7336079
e2.ice.storage_J,e2.ice,storage,J,31,-492044651
e2.dhw.dhwt_Q,e2.dhw,dhwt,Q,32,61500
e2.dhwt.dhw_Q,e2.dhwt,dhw,Q,32,-61500
e2.hhwt.dhwt_Q,e2.hhwt,dhwt,Q,32,-65388
e2.dhwt.hhwt_Q,e2.dhwt,hhwt,Q,32,65388
e2.hx.hhwt_Q,e2.hx,hhwt,Q,32,-67305
e2.hhwt.hx_Q,e2.hhwt,hx,Q,32,67305
e2.sc.hx_Q,e2.sc,hx,Q,32,-67305
e2.hx.sc_Q,e2.hx,sc,Q,32,67305
e2.hhwt.ahu_Q,e2.hhwt,ahu,Q,32,0
e2.ahu.heat_Q,e2.ahu,heat,Q,32,0
e2.cwt.ahu_Q,e2.cwt,ahu,Q,32,0
e2.ahu.cool_Q,e2.ahu,cool,Q,32,0
e2.ac.cwt_Q,e2.ac,cwt,Q,32,0
e2.cwt.ac_Q,e2.cwt,ac,Q,32,0
e2.hhwt.ac_Q,e2.hhwt,ac,Q,32,0
e2.ac.hhwt_Q,e2.ac,hhwt,Q,32,0
e2.ct.ac_Q,e2.ct,ac,Q,32,0
e2.ac.ct_Q,e2.ac,ct,Q,32,0
e2.ec.cwt_Q,e2.ec,cwt,Q,32,0
e2.cwt.ec_Q,e2.cwt,ec,Q,32,0
e2.ice.ec_Q,e2.ice,ec,Q,32,0
e2.ec.ice_Q,e2.ec,ice,Q,32,0
e2.ice.cwt_Q,e2.ice,cwt,Q,32,0
e2.cwt.ice_Q,e2.cwt,ice,Q,32,0
e2.dhwt.loss_Q,e2.dhwt,loss,Q,32,-160
e2.dhwt.storage_Q,e2.dhwt,storage,Q,32,-3728
e2.hhwt.loss_Q,e2.hhwt,loss,Q,32,-1808
e2.hhwt.storage_Q,e2.hhwt,storage,Q,32,-109
e2.ice.storage_Q,e2.ice,storage,Q,32,0
e2.sc.IDN_Q,e2.sc,IDN,Q,32,67305
e2.dhwt.electric_Q,e2.dhwt,electric,Q,32,0
e2.dhw.Demand_Q,e2.dhw,Demand,Q,32,-61500
e2.ct.rejected_Q,e2.ct,rejected,Q,32,0
e2.ahu.Demand_Q,e2.ahu,Demand,Q,32,0
e2.ec.electric_Q,e2.ec,electric,Q,32,0
e2.ec.rejected_Q,e2.ec,rejected,Q,32,0
e2.ec.electric.ice_Q,e2.ec,electric.ice,Q,32,0
e2.dhwt.loss_D,e2.dhwt,loss,D,32,8
e2.hhwt.loss_D,e2.hhwt,loss,D,32,8
e2.dhwt.storage_J,e2.dhwt,storage,J,32,0
e2.hhwt.storage_J,e2.hhwt,storage,J,32,0
e2.ice.storage_J,e2.ice,storage,J,32,-492044651
e2.dhw.dhwt_Q,e2.dhw,dhwt,Q,33,61500
e2.dhwt.dhw_Q,e2.dhwt,dhw,Q,33,-61500
e2.hhwt.dhwt_Q,e2.hhwt,dhwt,Q,33,-61819
e2.dhwt.hhwt_Q,e2.dhwt,hhwt,Q,33,61819
e2.hx.hhwt_Q,e2.hx,hhwt,Q,33,-263999
e2.hhwt.hx_Q,e2.hhwt,hx,Q,33,263999
e2.sc.hx_Q,e2.sc,hx,Q,33,-263999
e2.hx.sc_Q,e2.hx,sc,Q,33,263999
e2.hhwt.ahu_Q,e2.hhwt,ahu,Q,33,-50600
e2.ahu.heat_Q,e2.ahu,heat,Q,33,50600
e2.cwt.ahu_Q,e2.cwt,ahu,Q,33,73799
e2.ahu.cool_Q,e2.ahu,cool,Q,33,-73799
e2.ac.cwt_Q,e2.ac,cwt,Q,33,69906
e2.cwt.ac_Q,e2.cwt,ac,Q,33,-69906
e2.hhwt.ac_Q,e2.hhwt,ac,Q,33,-97093
e2.ac.hhwt_Q,e2.ac,hhwt,Q,33,97093
e2.ct.ac_Q,e2.ct,ac,Q,33,167000
e2.ac.ct_Q,e2.ac,ct,Q,33,-167000
e2.ec.cwt_Q,e2.ec,cwt,Q,33,0
e2.cwt.ec_Q,e2.cwt,ec,Q,33,0
e2.ice.ec_Q,e2.ice,ec,Q,33,0
e2.ec.ice_Q,e2.ec,ice,Q,33,0
e2.ice.cwt_Q,e2.ice,cwt,Q,33,3893
e2.cwt.ice_Q,e2.cwt,ice,Q,33,-3893
e2.dhwt.loss_Q,e2.dhwt,loss,Q,33,-320
e2.dhwt.storage_Q,e2.dhwt,storage,Q,33,0
e2.hhwt.loss_Q,e2.hhwt,loss,Q,33,-1811
e2.hhwt.storage_Q,e2.hhwt,storage,Q,33,-52675
e2.ice.storage_Q,e2.ice,storage,Q,33,-3893
e2.sc.IDN_Q,e2.sc,IDN,Q,33,263999
e2.dhwt.electric_Q,e2.dhwt,electric,Q,33,0
e2.dhw.Demand_Q,e2.dhw,Demand,Q,33,-61500
e2.ct.rejected_Q,e2.ct,rejected,Q,33,-167000
e2.ahu.Demand_Q,e2.ahu,Demand,Q,33,23199
e2.ec.electric_Q,e2.ec,electric,Q,33,0
e2.ec.rejected_Q,e2.ec,rejected,Q,33,0
e2.ec.electric.ice_Q,e2.ec,electric.ice,Q,33,0
e2.dhwt.loss_D,e2.dhwt,loss,D,33,16
e2.hhwt.loss_D,e2.hhwt,loss,D,33,8
e2.dhwt.storage_J,e2.dhwt,storage,J,33,13422818
e2.hhwt.storage_J,e2.hhwt,storage,J,33,392894
e2.ice.storage_J,e2.ice,storage,J,33,-492044651
e2.dhw.dhwt_Q,e2.dhw,dhwt,Q,34,123000
e2.dhwt.dhw_Q,e2.dhwt,dhw,Q,34,-123000
e2.hhwt.dhwt_Q,e2.hhwt,dhwt,Q,34,-119591
e2.dhwt.hhwt_Q,e2.dhwt,hhwt,Q,34,119591
e2.hx.hhwt_Q,e2.hx,hhwt,Q,34,-200000
e2.hhwt.hx_Q,e2.hhwt,hx,Q,34,200000
e2.sc.hx_Q,e2.sc,hx,Q,34,-200000
e2.hx.sc_Q,e2.hx,sc,Q,34,200000
e2.hhwt.ahu_Q,e2.hhwt,ahu,Q,34,-50600
e2.ahu.heat_Q,e2.ahu,heat,Q,34,50600
e2.cwt.ahu_Q,e2.cwt,ahu,Q,34,73800
e2.ahu.cool_Q,e2.ahu,cool,Q,34,-73800
e2.ac.cwt_Q,e2.ac,cwt,Q,34,31600
e2.cwt.ac_Q,e2.cwt,ac,Q,34,-31600
e2.hhwt.ac_Q,e2.hhwt,ac,Q,34,-43888
e2.ac.hhwt_Q,e2.ac,hhwt,Q,34,43888
e2.ct.ac_Q,e2.ct,ac,Q,34,75488
e2.ac.ct_Q,e2.ac,ct,Q,34,-75488
e2.ec.cwt_Q,e2.ec,cwt,Q,34,17200
e2.cwt.ec_Q,e2.cwt,ec,Q,34,-17200
e2.ice.ec_Q,e2.ice,ec,Q,34,0
e2.ec.ice_Q,e2.ec,ice,Q,34,0
e2.ice.cwt_Q,e2.ice,cwt,Q,34,25000
e2.cwt.ice_Q,e2.cwt,ice,Q,34,-25000
e2.dhwt.loss_Q,e2.dhwt,loss,Q,34,-320
e2.dhwt.storage_Q,e2.dhwt,storage,Q,34,3728
e2.hhwt.loss_Q,e2.hhwt,loss,Q,34,-3615
e2.hhwt.storage_Q,e2.hhwt,storage,Q,34,17696
e2.ice.storage_Q,e2.ice,storage,Q,34,-25000
e2.sc.IDN_Q,e2.sc,IDN,Q,34,200000
e2.dhwt.electric_Q,e2.dhwt,electric,Q,34,0
e2.dhw.Demand_Q,e2.dhw,Demand,Q,34,-123000
e2.ct.rejected_Q,e2.ct,rejected,Q,34,-75488
e2.ahu.Demand_Q,e2.ahu,Demand,Q,34,23200
e2.ec.electric_Q,e2.ec,electric,Q,34,5890
e2.ec.rejected_Q,e2.ec,rejected,Q,34,-23090
e2.ec.electric.ice_Q,e2.ec,electric.ice,Q,34,0
e2.dhwt.loss_D,e2.dhwt,loss,D,34,16
e2.hhwt.loss_D,e2.hhwt,loss,D,34,15
e2.dhwt.storage_J,e2.dhwt,storage,J,34,13422818
e2.hhwt.storage_J,e2.hhwt,storage,J,34,190023752
e2.ice.storage_J,e2.ice,storage,J,34,-478029767
e2.dhw.dhwt_Q,e2.dhw,dhwt,Q,35,123000
e2.dhwt.dhw_Q,e2.dhwt,dhw,Q,35,-123000
e2.hhwt.dhwt_Q,e2.hhwt,dhwt,Q,35,-123160
e2.dhwt.hhwt_Q,e2.dhwt,hhwt,Q,35,123160
e2.hx.hhwt_Q,e2.hx,hhwt,Q,35,-200000
e2.hhwt.hx_Q,e2.hhwt,hx,Q,35,200000
e2.sc.hx_Q,e2.sc,hx,Q,35,-200000
e2.hx.sc_Q,e2.hx,sc,Q,35,200000
e2.hhwt.ahu_Q,e2.hhwt,ahu,Q,35,-50600
e2.ahu.heat_Q,e2.ahu,heat,Q,35,50600
e2.cwt.ahu_Q,e2.cwt,ahu,Q,35,73800
e2.ahu.cool_Q,e2.ahu,cool,Q,35,-73800
e2.ac.cwt_Q,e2.ac,cwt,Q,35,31600
e2.cwt.ac_Q,e2.cwt,ac,Q,35,-31600
e2.hhwt.ac_Q,e2.hhwt,ac,Q,35,-43888
e2.ac.hhwt_Q,e2.ac,hhwt,Q,35,43888
e2.ct.ac_Q,e2.ct,ac,Q,35,75488
e2.ac.ct_Q,e2.ac,ct,Q,35,-75488
e2.ec.cwt_Q,e2.ec,cwt,Q,35,17200
e2.cwt.ec_Q,e2.cwt,ec,Q,35,-17200
e2.ice.ec_Q,e2.ice,ec,Q,35,0
e2.ec.ice_Q,e2.ec,ice,Q,35,0
e2.ice.cwt_Q,e2.ice,cwt,Q,35,25000
e2.cwt.ice_Q,e2.cwt,ice,Q,35,-25000
e2.dhwt.loss_Q,e2.dhwt,loss,Q,35,-160
e2.dhwt.storage_Q,e2.dhwt,storage,Q,35,0
e2.hhwt.loss_Q,e2.hhwt,loss,Q,35,-3009
e2.hhwt.storage_Q,e2.hhwt,storage,Q,35,20658
e2.ice.storage_Q,e2.ice,storage,Q,35,-25000
e2.sc.IDN_Q,e2.sc,IDN,Q,35,200000
e2.dhwt.electric_Q,e2.dhwt,electric,Q,35,0
e2.dhw.Demand_Q,e2.dhw,Demand,Q,35,-123000
e2.ct.rejected_Q,e2.ct,rejected,Q,35,-75488
e2.ahu.Demand_Q,e2.ahu,Demand,Q,35,23200
e2.ec.electric_Q,e2.ec,electric,Q,35,5890
e2.ec.rejected_Q,e2.ec,rejected,Q,35,-23090
e2.ec.electric.ice_Q,e2.ec,electric.ice,Q,35,0
e2.dhwt.loss_D,e2.dhwt,loss,D,35,8
e2.hhwt.loss_D,e2.hhwt,loss,D,35,13
e2.dhwt.storage_J,e2.dhwt,storage,J,35,0
e2.hhwt.storage_J,e2.hhwt,storage,J,35,126316971
e2.ice.storage_J,e2.ice,storage,J,35,-388029767
e2.dhw.dhwt_Q,e2.dhw,dhwt,Q,36,123000
e2.dhwt.dhw_Q,e2.dhwt,dhw,Q,36,-123000
e2.hhwt.dhwt_Q,e2.hhwt,dhwt,Q,36,-117638
e2.dhwt.hhwt_Q,e2.dhwt,hhwt,Q,36,117638
e2.hx.hhwt_Q,e2.hx,hhwt,Q,36,-200000
e2.hhwt.hx_Q,e2.hhwt,hx,Q,36,200000
e2.sc.hx_Q,e2.sc,hx,Q,36,-200000
e2.hx.sc_Q,e2.hx,sc,Q,36,200000
e2.hhwt.ahu_Q,e2.hhwt,ahu,Q,36,-50600
e2.ahu.heat_Q,e2.ahu,heat,Q,36,50600
e2.cwt.ahu_Q,e2.cwt,ahu,Q,36,73800
e2.ahu.cool_Q,e2.ahu,cool,Q,36,-73800
e2.ac.cwt_Q,e2.ac,cwt,Q,36,31600
e2.cwt.ac_Q,e2.cwt,ac,Q,36,-31600
e2.hhwt.ac_Q,e2.hhwt,ac,Q,36,-43888
e2.ac.hhwt_Q,e2.ac,hhwt,Q,36,43888
e2.ct.ac_Q,e2.ct,ac,Q,36,75488
e2.ac.ct_Q,e2.ac,ct,Q,36,-75488
e2.ec.cwt_Q,e2.ec,cwt,Q,36,17200
e2.cwt.ec_Q,e2.cwt,ec,Q,36,-17200
e2.ice.ec_Q,e2.ice,ec,Q,36,0
e2.ec.ice_Q,e2.ec,ice,Q,36,0
e2.ice.cwt_Q,e2.ice,cwt,Q,36,25000
e2.cwt.ice_Q,e2.cwt,ice,Q,36,-25000
e2.dhwt.loss_Q,e2.dhwt,loss,Q,36,-160
e2.dhwt.storage_Q,e2.dhwt,storage,Q,36,0
e2.hhwt.loss_Q,e2.hhwt,loss,Q,36,-2302
e2.hhwt.storage_Q,e2.hhwt,storage,Q,36,14429
e2.ice.storage_Q,e2.ice,storage,Q,36,-25000
e2.sc.IDN_Q,e2.sc,IDN,Q,36,200000
e2.dhwt.electric_Q,e2.dhwt,electric,Q,36,5521
e2.dhw.Demand_Q,e2.dhw,Demand,Q,36,-123000
e2.ct.rejected_Q,e2.ct,rejected,Q,36,-75488
e2.ahu.Demand_Q,e2.ahu,Demand,Q,36,23200
e2.ec.electric_Q,e2.ec,electric,Q,36,5890
e2.ec.rejected_Q,e2.ec,rejected,Q,36,-23090
e2.ec.electric.ice_Q,e2.ec,electric.ice,Q,36,0
e2.dhwt.loss_D,e2.dhwt,loss,D,36,8
e2.hhwt.loss_D,e2.hhwt,loss,D,36,10
e2.dhwt.storage_J,e2.dhwt,storage,J,36,0
e2.hhwt.storage_J,e2.hhwt,storage,J,36,51945492
e2.ice.storage_J,e2.ice,storage,J,36,-298029767
e2.dhw.dhwt_Q,e2.dhw,dhwt,Q,37,123000
e2.dhwt.dhw_Q,e2.dhwt,dhw,Q,37,-123000
e2.hhwt.dhwt_Q,e2.hhwt,dhwt,Q,37,-103703
e2.dhwt.hhwt_Q,e2.dhwt,hhwt,Q,37,103703
e2.hx.hhwt_Q,e2.hx,hhwt,Q,37,-200000
e2.hhwt.hx_Q,e2.hhwt,hx,Q,37,200000
e2.sc.hx_Q,e2.sc,hx,Q,37,-200000
e2.hx.sc_Q,e2.hx,sc,Q,37,200000
e2.hhwt.ahu_Q,e2.hhwt,ahu,Q,37,-50600
e2.ahu.heat_Q,e2.ahu,heat,Q,37,50600
e2.cwt.ahu_Q,e2.cwt,ahu,Q,37,73800
e2.ahu.cool_Q,e2.ahu,cool,Q,37,-73800
e2.ac.cwt_Q,e2.ac,cwt,Q,37,31600
e2.cwt.ac_Q,e2.cwt,ac,Q,37,-31600
e2.hhwt.ac_Q,e2.hhwt,ac,Q,37,-43888
e2.ac.hhwt_Q,e2.ac,hhwt,Q,37,43888
e2.ct.ac_Q,e2.ct,ac,Q,37,75488
e2.ac.ct_Q,e2.ac,ct,Q,37,-75488
e2.ec.cwt_Q,e2.ec,cwt,Q,37,17200
e2.cwt.ec_Q,e2.cwt,ec,Q,37,-17200
e2.ice.ec_Q,e2.ice,ec,Q,37,0
e2.ec.ice_Q,e2.ec,ice,Q,37,0
e2.ice.cwt_Q,e2.ice,cwt,Q,37,25000
e2.cwt.ice_Q,e2.cwt,ice,Q,37,-25000
e2.dhwt.loss_Q,e2.dhwt,loss,Q,37,-160
e2.dhwt.storage_Q,e2.dhwt,storage,Q,37,0
e2.hhwt.loss_Q,e2.hhwt,loss,Q,37,-1807
e2.hhwt.storage_Q,e2.hhwt,storage,Q,37,0
e2.ice.storage_Q,e2.ice,storage,Q,37,-25000
e2.sc.IDN_Q,e2.sc,IDN,Q,37,200000
e2.dhwt.electric_Q,e2.dhwt,electric,Q,37,19456
e2.dhw.Demand_Q,e2.dhw,Demand,Q,37,-123000
e2.ct.rejected_Q,e2.ct,rejected,Q,37,-75488
e2.ahu.Demand_Q,e2.ahu,Demand,Q,37,23200
e2.ec.electric_Q,e2.ec,electric,Q,37,5890
e2.ec.rejected_Q,e2.ec,rejected,Q,37,-23090
e2.ec.electric.ice_Q,e2.ec,electric.ice,Q,37,0
e2.dhwt.loss_D,e2.dhwt,loss,D,37,8
e2.hhwt.loss_D,e2.hhwt,loss,D,37,7
e2.dhwt.storage_J,e2.dhwt,storage,J,37,0
e2.hhwt.storage_J,e2.hhwt,storage,J,37,0
e2.ice.storage_J,e2.ice,storage,J,37,-208029767
e2.dhw.dhwt_Q,e2.dhw,dhwt,Q,38,123000
e2.dhwt.dhw_Q,e2.dhwt,dhw,Q,38,-123000
e2.hhwt.dhwt_Q,e2.hhwt,dhwt,Q,38,-103703
e2.dhwt.hhwt_Q,e2.dhwt,hhwt,Q,38,103703
e2.hx.hhwt_Q,e2.hx,hhwt,Q,38,-200000
e2.hhwt.hx_Q,e2.hhwt,hx,Q,38,200000
e2.sc.hx_Q,e2.sc,hx,Q,38,-200000
e2.hx.sc_Q,e2.hx,sc,Q,38,200000
e2.hhwt.ahu_Q,e2.hhwt,ahu,Q,38,-50600
e2.ahu.heat_Q,e2.ahu,heat,Q,38,50600
e2.cwt.ahu_Q,e2.cwt,ahu,Q,38,73800
e2.ahu.cool_Q,e2.ahu,cool,Q,38,-73800
e2.ac.cwt_Q,e2.ac,cwt,Q,38,31600
e2.cwt.ac_Q,e2.cwt,ac,Q,38,-31600
e2.hhwt.ac_Q,e2.hhwt,ac,Q,38,-43888
e2.ac.hhwt_Q,e2.ac,hhwt,Q,38,43888
e2.ct.ac_Q,e2.ct,ac,Q,38,75488
e2.ac.ct_Q,e2.ac,ct,Q,38,-75488
e2.ec.cwt_Q,e2.ec,cwt,Q,38,17200
e2.cwt.ec_Q,e2.cwt,ec,Q,38,-17200
e2.ice.ec_Q,e2.ice,ec,Q,38,0
e2.ec.ice_Q,e2.ec,ice,Q,38,0
e2.ice.cwt_Q,e2.ice,cwt,Q,38,25000
e2.cwt.ice_Q,e2.cwt,ice,Q,38,-25000
e2.dhwt.loss_Q,e2.dhwt,loss,Q,38,-160
e2.dhwt.storage_Q,e2.dhwt,storage,Q,38,0
e2.hhwt.loss_Q,e2.hhwt,loss,Q,38,-1807
e2.hhwt.storage_Q,e2.hhwt,storage,Q,38,0
e2.ice.storage_Q,e2.ice,storage,Q,38,-25000
e2.sc.IDN_Q,e2.sc,IDN,Q,38,200000
e2.dhwt.electric_Q,e2.dhwt,electric,Q,38,19456
e2.dhw.Demand_Q,e2.dhw,Demand,Q,38,-123000
e2.ct.rejected_Q,e2.ct,rejected,Q,38,-75488
e2.ahu.Demand_Q,e2.ahu,Demand,Q,38,23200
e2.ec.electric_Q,e2.ec,electric,Q,38,5890
e2.ec.rejected_Q,e2.ec,rejected,Q,38,-23090
e2.ec.electric.ice_Q,e2.ec,electric.ice,Q,38,0
e2.dhwt.loss_D,e2.dhwt,loss,D,38,8
e2.hhwt.loss_D,e2.hhwt,loss,D,38,7
e2.dhwt.storage_J,e2.dhwt,storage,J,38,0
e2.hhwt.storage_J,e2.hhwt,storage,J,38,0
e2.ice.storage_J,e2.ice,storage,J,38,-118029767
e2.dhw.dhwt_Q,e2.dhw,dhwt,Q,39,61500
e2.dhwt.dhw_Q,e2.dhwt,dhw,Q,39,-61500
e2.hhwt.dhwt_Q,e2.hhwt,dhwt,Q,39,-61714
e2.dhwt.hhwt_Q,e2.dhwt,hhwt,Q,39,61714
e2.hx.hhwt_Q,e2.hx,hhwt,Q,39,-264000
e2.hhwt.hx_Q,e2.hhwt,hx,Q,39,264000
e2.sc.hx_Q,e2.sc,hx,Q,39,-264000
e2.hx.sc_Q,e2.hx,sc,Q,39,264000
e2.hhwt.ahu_Q,e2.hhwt,ahu,Q,39,-50600
e2.ahu.heat_Q,e2.ahu,heat,Q,39,50600
e2.cwt.ahu_Q,e2.cwt,ahu,Q,39,73799
e2.ahu.cool_Q,e2.ahu,cool,Q,39,-73799
e2.ac.cwt_Q,e2.ac,cwt,Q,39,69906
e2.cwt.ac_Q,e2.cwt,ac,Q,39,-69906
e2.hhwt.ac_Q,e2.hhwt,ac,Q,39,-97093
e2.ac.hhwt_Q,e2.ac,hhwt,Q,39,97093
e2.ct.ac_Q,e2.ct,ac,Q,39,167000
e2.ac.ct_Q,e2.ac,ct,Q,39,-167000
e2.ec.cwt_Q,e2.ec,cwt,Q,39,0
e2.cwt.ec_Q,e2.cwt,ec,Q,39,0
e2.ice.ec_Q,e2.ice,ec,Q,39,0
e2.ec.ice_Q,e2.ec,ice,Q,39,0
e2.ice.cwt_Q,e2.ice,cwt,Q,39,3893
e2.cwt.ice_Q,e2.cwt,ice,Q,39,-3893
e2.dhwt.loss_Q,e2.dhwt,loss,Q,39,-160
e2.dhwt.storage_Q,e2.dhwt,storage,Q,39,-54
e2.hhwt.loss_Q,e2.hhwt,loss,Q,39,-1807
e2.hhwt.storage_Q,e2.hhwt,storage,Q,39,-52784
e2.ice.storage_Q,e2.ice,storage,Q,39,-3893
e2.sc.IDN_Q,e2.sc,IDN,Q,39,264000
e2.dhwt.electric_Q,e2.dhwt,electric,Q,39,0
e2.dhw.Demand_Q,e2.dhw,Demand,Q,39,-61500
e2.ct.rejected_Q,e2.ct,rejected,Q,39,-167000
e2.ahu.Demand_Q,e2.ahu,Demand,Q,39,23199
e2.ec.electric_Q,e2.ec,electric,Q,39,0
e2.ec.rejected_Q,e2.ec,rejected,Q,39,0
e2.ec.electric.ice_Q,e2.ec,electric.ice,Q,39,0
e2.dhwt.loss_D,e2.dhwt,loss,D,39,8
e2.hhwt.loss_D,e2.hhwt,loss,D,39,7
e2.dhwt.storage_J,e2.dhwt,storage,J,39,0
e2.hhwt.storage_J,e2.hhwt,storage,J,39,0
e2.ice.storage_J,e2.ice,storage,J,39,-28029767
e2.dhw.dhwt_Q,e2.dhw,dhwt,Q,40,61500
e2.dhwt.dhw_Q,e2.dhwt,dhw,Q,40,-61500
e2.hhwt.dhwt_Q,e2.hhwt,dhwt,Q,40,-61607
e2.dhwt.hhwt_Q,e2.dhwt,hhwt,Q,40,61607
e2.hx.hhwt_Q,e2.hx,hhwt,Q,40,-176000
e2.hhwt.hx_Q,e2.hhwt,hx,Q,40,176000
e2.sc.hx_Q,e2.sc,hx,Q,40,-176000
e2.hx.sc_Q,e2.hx,sc,Q,40,176000
e2.hhwt.ahu_Q,e2.hhwt,ahu,Q,40,-50600
e2.ahu.heat_Q,e2.ahu,heat,Q,40,50600
e2.cwt.ahu_Q,e2.cwt,ahu,Q,40,73799
e2.ahu.cool_Q,e2.ahu,cool,Q,40,-73799
e2.ac.cwt_Q,e2.ac,cwt,Q,40,69906
e2.cwt.ac_Q,e2.cwt,ac,Q,40,-69906
e2.hhwt.ac_Q,e2.hhwt,ac,Q,40,-97093
e2.ac.hhwt_Q,e2.ac,hhwt,Q,40,97093
e2.ct.ac_Q,e2.ct,ac,Q,40,167000
e2.ac.ct_Q,e2.ac,ct,Q,40,-167000
e2.ec.cwt_Q,e2.ec,cwt,Q,40,0
e2.cwt.ec_Q,e2.cwt,ec,Q,40,0
e2.ice.ec_Q,e2.ice,ec,Q,40,0
e2.ec.ice_Q,e2.ec,ice,Q,40,0
e2.ice.cwt_Q,e2.ice,cwt,Q,40,3893
e2.cwt.ice_Q,e2.cwt,ice,Q,40,-3893
e2.dhwt.loss_Q,e2.dhwt,loss,Q,40,-162
e2.dhwt.storage_Q,e2.dhwt,storage,Q,40,54
e2.hhwt.loss_Q,e2.hhwt,loss,Q,40,-3615
e2.hhwt.storage_Q,e2.hhwt,storage,Q,40,36916
e2.ice.storage_Q,e2.ice,storage,Q,40,-3893
e2.sc.IDN_Q,e2.sc,IDN,Q,40,176000
e2.dhwt.electric_Q,e2.dhwt,electric,Q,40,0
e2.dhw.Demand_Q,e2.dhw,Demand,Q,40,-61500
e2.ct.rejected_Q,e2.ct,rejected,Q,40,-167000
e2.ahu.Demand_Q,e2.ahu,Demand,Q,40,23199
e2.ec.electric_Q,e2.ec,electric,Q,40,0
e2.ec.rejected_Q,e2.ec,rejected,Q,40,0
e2.ec.electric.ice_Q,e2.ec,electric.ice,Q,40,0
e2.dhwt.loss_D,e2.dhwt,loss,D,40,8
e2.hhwt.loss_D,e2.hhwt,loss,D,40,15
e2.dhwt.storage_J,e2.dhwt,storage,J,40,196563
e2.hhwt.storage_J,e2.hhwt,storage,J,40,190023752
e2.ice.storage_J,e2.ice,storage,J,40,-14014883
e2.dhw.dhwt_Q,e2.dhw,dhwt,Q,41,0
e2.dhwt.dhw_Q,e2.dhwt,dhw,Q,41,0
e2.hhwt.dhwt_Q,e2.hhwt,dhwt,Q,41,-159
e2.dhwt.hhwt_Q,e2.dhwt,hhwt,Q,41,159
e2.hx.hhwt_Q,e2.hx,hhwt,Q,41,-42
e2.hhwt.hx_Q,e2.hhwt,hx,Q,41,42
e2.sc.hx_Q,e2.sc,hx,Q,41,-42
e2.hx.sc_Q,e2.hx,sc,Q,41,42
e2.hhwt.ahu_Q,e2.hhwt,ahu,Q,41,0
e2.ahu.heat_Q,e2.ahu,heat,Q,41,0
e2.cwt.ahu_Q,e2.cwt,ahu,Q,41,0
e2.ahu.cool_Q,e2.ahu,cool,Q,41,0
e2.ac.cwt_Q,e2.ac,cwt,Q,41,0
e2.cwt.ac_Q,e2.cwt,ac,Q,41,0
e2.hhwt.ac_Q,e2.hhwt,ac,Q,41,0
e2.ac.hhwt_Q,e2.ac,hhwt,Q,41,0
e2.ct.ac_Q,e2.ct,ac,Q,41,0
e2.ac.ct_Q,e2.ac,ct,Q,41,0
e2.ec.cwt_Q,e2.ec,cwt,Q,41,0
e2.cwt.ec_Q,e2.cwt,ec,Q,41,0
e2.ice.ec_Q,e2.ice,ec,Q,41,0
e2.ec.ice_Q,e2.ec,ice,Q,41,0
e2.ice.cwt_Q,e2.ice,cwt,Q,41,0
e2.cwt.ice_Q,e2.cwt,ice,Q,41,0
e2.dhwt.loss_Q,e2.dhwt,loss,Q,41,-160
e2.dhwt.storage_Q,e2.dhwt,storage,Q,41,0
e2.hhwt.loss_Q,e2.hhwt,loss,Q,41,-2351
e2.hhwt.storage_Q,e2.hhwt,storage,Q,41,2469
e2.ice.storage_Q,e2.ice,storage,Q,41,0
e2.sc.IDN_Q,e2.sc,IDN,Q,41,42
e2.dhwt.electric_Q,e2.dhwt,electric,Q,41,0
e2.dhw.Demand_Q,e2.dhw,Demand,Q,41,0
e2.ct.rejected_Q,e2.ct,rejected,Q,41,0
e2.ahu.Demand_Q,e2.ahu,Demand,Q,41,0
e2.ec.electric_Q,e2.ec,electric,Q,41,0
e2.ec.rejected_Q,e2.ec,rejected,Q,41,0
e2.ec.electric.ice_Q,e2.ec,electric.ice,Q,41,0
e2.dhwt.loss_D,e2.dhwt,loss,D,41,8
e2.hhwt.loss_D,e2.hhwt,loss,D,41,10
e2.dhwt.storage_J,e2.dhwt,storage,J,41,0
e2.hhwt.storage_J,e2.hhwt,storage,J,41,57123397
e2.ice.storage_J,e2.ice,storage,J,41,0
e2.dhw.dhwt_Q,e2.dhw,dhwt,Q,42,0
e2.dhwt.dhw_Q,e2.dhwt,dhw,Q,42,0
e2.hhwt.dhwt_Q,e2.hhwt,dhwt,Q,42,-3888
e2.dhwt.hhwt_Q,e2.dhwt,hhwt,Q,42,3888
e2.hx.hhwt_Q,e2.hx,hhwt,Q,42,0
e2.hhwt.hx_Q,e2.hhwt,hx,Q,42,0
e2.sc.hx_Q,e2.sc,hx,Q,42,0
e2.hx.sc_Q,e2.hx,sc,Q,42,0
e2.hhwt.ahu_Q,e2.hhwt,ahu,Q,42,0
e2.ahu.heat_Q,e2.ahu,heat,Q,42,0
e2.cwt.ahu_Q,e2.cwt,ahu,Q,42,0
e2.ahu.cool_Q,e2.ahu,cool,Q,42,0
e2.ac.cwt_Q,e2.ac,cwt,Q,42,0
e2.cwt.ac_Q,e2.cwt,ac,Q,42,0
e2.hhwt.ac_Q,e2.hhwt,ac,Q,42,0
e2.ac.hhwt_Q,e2.ac,hhwt,Q,42,0
e2.ct.ac_Q,e2.ct,ac,Q,42,0
e2.ac.ct_Q,e2.ac,ct,Q,42,0
e2.ec.cwt_Q,e2.ec,cwt,Q,42,0
e2.cwt.ec_Q,e2.cwt,ec,Q,42,0
e2.ice.ec_Q,e2.ice,ec,Q,42,0
e2.ec.ice_Q,e2.ec,ice,Q,42,0
e2.ice.cwt_Q,e2.ice,cwt,Q,42,0
e2.cwt.ice_Q,e2.cwt,ice,Q,42,0
e2.dhwt.loss_Q,e2.dhwt,loss,Q,42,-160
e2.dhwt.storage_Q,e2.dhwt,storage,Q,42,-3728
e2.hhwt.loss_Q,e2.hhwt,loss,Q,42,-2266
e2.hhwt.storage_Q,e2.hhwt,storage,Q,42,6155
e2.ice.storage_Q,e2.ice,storage,Q,42,0
e2.sc.IDN_Q,e2.sc,IDN,Q,42,0
e2.dhwt.electric_Q,e2.dhwt,electric,Q,42,0
e2.dhw.Demand_Q,e2.dhw,Demand,Q,42,0
e2.ct.rejected_Q,e2.ct,rejected,Q,42,0
e2.ahu.Demand_Q,e2.ahu,Demand,Q,42,0
e2.ec.electric_Q,e2.ec,electric,Q,42,0
e2.ec.rejected_Q,e2.ec,rejected,Q,42,0
e2.ec.electric.ice_Q,e2.ec,electric.ice,Q,42,0
e2.dhwt.loss_D,e2.dhwt,loss,D,42,8
e2.hhwt.loss_D,e2.hhwt,loss,D,42,10
e2.dhwt.storage_J,e2.dhwt,storage,J,42,0
e2.hhwt.storage_J,e2.hhwt,storage,J,42,48233524
e2.ice.storage_J,e2.ice,storage,J,42,0
e2.dhw.dhwt_Q,e2.dhw,dhwt,Q,43,0
e2.dhwt.dhw_Q,e2.dhwt,dhw,Q,43,0
e2.hhwt.dhwt_Q,e2.hhwt,dhwt,Q,43,3408
e2.dhwt.hhwt_Q,e2.dhwt,hhwt,Q,43,-3408
e2.hx.hhwt_Q,e2.hx,hhwt,Q,43,0
e2.hhwt.hx_Q,e2.hhwt,hx,Q,43,0
e2.sc.hx_Q,e2.sc,hx,Q,43,0
e2.hx.sc_Q,e2.hx,sc,Q,43,0
e2.hhwt.ahu_Q,e2.hhwt,ahu,Q,43,0
e2.ahu.heat_Q,e2.ahu,heat,Q,43,0
e2.cwt.ahu_Q,e2.cwt,ahu,Q,43,0
e2.ahu.cool_Q,e2.ahu,cool,Q,43,0
e2.ac.cwt_Q,e2.ac,cwt,Q,43,0
e2.cwt.ac_Q,e2.cwt,ac,Q,43,0
e2.hhwt.ac_Q,e2.hhwt,ac,Q,43,0
e2.ac.hhwt_Q,e2.ac,hhwt,Q,43,0
e2.ct.ac_Q,e2.ct,ac,Q,43,0
e2.ac.ct_Q,e2.ac,ct,Q,43,0
e2.ec.cwt_Q,e2.ec,cwt,Q,43,0
e2.cwt.ec_Q,e2.cwt,ec,Q,43,0
e2.ice.ec_Q,e2.ice,ec,Q,43,0
e2.ec.ice_Q,e2.ec,ice,Q,43,0
e2.ice.cwt_Q,e2.ice,cwt,Q,43,0
e2.cwt.ice_Q,e2.cwt,ice,Q,43,0
e2.dhwt.loss_Q,e2.dhwt,loss,Q,43,-320
e2.dhwt.storage_Q,e2.dhwt,storage,Q,43,3728
e2.hhwt.loss_Q,e2.hhwt,loss,Q,43,-2056
e2.hhwt.storage_Q,e2.hhwt,storage,Q,43,-1352
e2.ice.storage_Q,e2.ice,storage,Q,43,0
e2.sc.IDN_Q,e2.sc,IDN,Q,43,0
e2.dhwt.electric_Q,e2.dhwt,electric,Q,43,0
e2.dhw.Demand_Q,e2.dhw,Demand,Q,43,0
e2.ct.rejected_Q,e2.ct,rejected,Q,43,0
e2.ahu.Demand_Q,e2.ahu,Demand,Q,43,0
e2.ec.electric_Q,e2.ec,electric,Q,43,0
e2.ec.rejected_Q,e2.ec,rejected,Q,43,0
e2.ec.electric.ice_Q,e2.ec,electric.ice,Q,43,0
e2.dhwt.loss_D,e2.dhwt,loss,D,43,16
e2.hhwt.loss_D,e2.hhwt,loss,D,43,9
e2.dhwt.storage_J,e2.dhwt,storage,J,43,13422818
e2.hhwt.storage_J,e2.hhwt,storage,J,43,26073784
e2.ice.storage_J,e2.ice,storage,J,43,0
e2.dhw.dhwt_Q,e2.dhw,dhwt,Q,44,0
e2.dhwt.dhw_Q,e2.dhwt,dhw,Q,44,0
e2.hhwt.dhwt_Q,e2.hhwt,dhwt,Q,44,-160
e2.dhwt.hhwt_Q,e2.dhwt,hhwt,Q,44,160
e2.hx.hhwt_Q,e2.hx,hhwt,Q,44,0
e2.hhwt.hx_Q,e2.hhwt,hx,Q,44,0
e2.sc.hx_Q,e2.sc,hx,Q,44,0
e2.hx.sc_Q,e2.hx,sc,Q,44,0
e2.hhwt.ahu_Q,e2.hhwt,ahu,Q,44,0
e2.ahu.heat_Q,e2.ahu,heat,Q,44,0
e2.cwt.ahu_Q,e2.cwt,ahu,Q,44,0
e2.ahu.cool_Q,e2.ahu,cool,Q,44,0
e2.ac.cwt_Q,e2.ac,cwt,Q,44,0
e2.cwt.ac_Q,e2.cwt,ac,Q,44,0
e2.hhwt.ac_Q,e2.hhwt,ac,Q,44,0
e2.ac.hhwt_Q,e2.ac,hhwt,Q,44,0
e2.ct.ac_Q,e2.ct,ac,Q,44,0
e2.ac.ct_Q,e2.ac,ct,Q,44,0
e2.ec.cwt_Q,e2.ec,cwt,Q,44,0
e2.cwt.ec_Q,e2.cwt,ec,Q,44,0
e2.ice.ec_Q,e2.ice,ec,Q,44,0
e2.ec.ice_Q,e2.ec,ice,Q,44,0
e2.ice.cwt_Q,e2.ice,cwt,Q,44,0
e2.cwt.ice_Q,e2.cwt,ice,Q,44,0
e2.dhwt.loss_Q,e2.dhwt,loss,Q,44,-159
e2.dhwt.storage_Q,e2.dhwt,storage,Q,44,0
e2.hhwt.loss_Q,e2.hhwt,loss,Q,44,-2102
e2.hhwt.storage_Q,e2.hhwt,storage,Q,44,2262
e2.ice.storage_Q,e2.ice,storage,Q,44,0
e2.sc.IDN_Q,e2.sc,IDN,Q,44,0
e2.dhwt.electric_Q,e2.dhwt,electric,Q,44,0
e2.dhw.Demand_Q,e2.dhw,Demand,Q,44,0
e2.ct.rejected_Q,e2.ct,rejected,Q,44,0
e2.ahu.Demand_Q,e2.ahu,Demand,Q,44,0
e2.ec.electric_Q,e2.ec,electric,Q,44,0
e2.ec.rejected_Q,e2.ec,rejected,Q,44,0
e2.ec.electric.ice_Q,e2.ec,electric.ice,Q,44,0
e2.dhwt.loss_D,e2.dhwt,loss,D,44,7
e2.hhwt.loss_D,e2.hhwt,loss,D,44,9
e2.dhwt.storage_J,e2.dhwt,storage,J,44,0
e2.hhwt.storage_J,e2.hhwt,storage,J,44,30942709
e2.ice.storage_J,e2.ice,storage,J,44,0
e2.dhw.dhwt_Q,e2.dhw,dhwt,Q,45,0
e2.dhwt.dhw_Q,e2.dhwt,dhw,Q,45,0
e2.hhwt.dhwt_Q,e2.hhwt,dhwt,Q,45,-160
e2.dhwt.hhwt_Q,e2.dhwt,hhwt,Q,45,160
e2.hx.hhwt_Q,e2.hx,hhwt,Q,45,0
e2.hhwt.hx_Q,e2.hhwt,hx,Q,45,0
e2.sc.hx_Q,e2.sc,hx,Q,45,0
e2.hx.sc_Q,e2.hx,sc,Q,45,0
e2.hhwt.ahu_Q,e2.hhwt,ahu,Q,45,0
e2.ahu.heat_Q,e2.ahu,heat,Q,45,0
e2.cwt.ahu_Q,e2.cwt,ahu,Q,45,0
e2.ahu.cool_Q,e2.ahu,cool,Q,45,0
e2.ac.cwt_Q,e2.ac,cwt,Q,45,0
e2.cwt.ac_Q,e2.cwt,ac,Q,45,0
e2.hhwt.ac_Q,e2.hhwt,ac,Q,45,0
e2.ac.hhwt_Q,e2.ac,hhwt,Q,45,0
e2.ct.ac_Q,e2.ct,ac,Q,45,0
e2.ac.ct_Q,e2.ac,ct,Q,45,0
e2.ec.cwt_Q,e2.ec,cwt,Q,45,0
e2.cwt.ec_Q,e2.cwt,ec,Q,45,0
e2.ice.ec_Q,e2.ice,ec,Q,45,0
e2.ec.ice_Q,e2.ec,ice,Q,45,0
e2.ice.cwt_Q,e2.ice,cwt,Q,45,0
e2.cwt.ice_Q,e2.cwt,ice,Q,45,0
e2.dhwt.loss_Q,e2.dhwt,loss,Q,45,-159
e2.dhwt.storage_Q,e2.dhwt,storage,Q,45,0
e2.hhwt.loss_Q,e2.hhwt,loss,Q,45,-2024
e2.hhwt.storage_Q,e2.hhwt,storage,Q,45,2184
e2.ice.storage_Q,e2.ice,storage,Q,45,0
e2.sc.IDN_Q,e2.sc,IDN,Q,45,0
e2.dhwt.electric_Q,e2.dhwt,electric,Q,45,0
e2.dhw.Demand_Q,e2.dhw,Demand,Q,45,0
e2.ct.rejected_Q,e2.ct,rejected,Q,45,0
e2.ahu.Demand_Q,e2.ahu,Demand,Q,45,0
e2.ec.electric_Q,e2.ec,electric,Q,45,0
e2.ec.rejected_Q,e2.ec,rejected,Q,45,0
e2.ec.electric.ice_Q,e2.ec,electric.ice,Q,45,0
e2.dhwt.loss_D,e2.dhwt,loss,D,45,7
e2.hhwt.loss_D,e2.hhwt,loss,D,45,8
e2.dhwt.storage_J,e2.dhwt,storage,J,45,0
e2.hhwt.storage_J,e2.hhwt,storage,J,45,22798042
e2.ice.storage_J,e2.ice,storage,J,45,0
e2.dhw.dhwt_Q,e2.dhw,dhwt,Q,46,0
e2.dhwt.dhw_Q,e2.dhwt,dhw,Q,46,0
e2.hhwt.dhwt_Q,e2.hhwt,dhwt,Q,46,-160
e2.dhwt.hhwt_Q,e2.dhwt,hhwt,Q,46,160
e2.hx.hhwt_Q,e2.hx,hhwt,Q,46,0
e2.hhwt.hx_Q,e2.hhwt,hx,Q,46,0
e2.sc.hx_Q,e2.sc,hx,Q,46,0
e2.hx.sc_Q,e2.hx,sc,Q,46,0
e2.hhwt.ahu_Q,e2.hhwt,ahu,Q,46,0
e2.ahu.heat_Q,e2.ahu,heat,Q,46,0
e2.cwt.ahu_Q,e2.cwt,ahu,Q,46,0
e2.ahu.cool_Q,e2.ahu,cool,Q,46,0
e2.ac.cwt_Q,e2.ac,cwt,Q,46,0
e2.cwt.ac_Q,e2.cwt,ac,Q,46,0
e2.hhwt.ac_Q,e2.hhwt,ac,Q,46,0
e2.ac.hhwt_Q,e2.ac,hhwt,Q,46,0
e2.ct.ac_Q,e2.ct,ac,Q,46,0
e2.ac.ct_Q,e2.ac,ct,Q,46,0
e2.ec.cwt_Q,e2.ec,cwt,Q,46,0
e2.cwt.ec_Q,e2.cwt,ec,Q,46,0
e2.ice.ec_Q,e2.ice,ec,Q,46,0
e2.ec.ice_Q,e2.ec,ice,Q,46,0
e2.ice.cwt_Q,e2.ice,cwt,Q,46,0
e2.cwt.ice_Q,e2.cwt,ice,Q,46,0
e2.dhwt.loss_Q,e2.dhwt,loss,Q,46,-159
e2.dhwt.storage_Q,e2.dhwt,storage,Q,46,0
e2.hhwt.loss_Q,e2.hhwt,loss,Q,46,-1950
e2.hhwt.storage_Q,e2.hhwt,storage,Q,46,2110
e2.ice.storage_Q,e2.ice,storage,Q,46,0
e2.sc.IDN_Q,e2.sc,IDN,Q,46,0
e2.dhwt.electric_Q,e2.dhwt,electric,Q,46,0
e2.dhw.Demand_Q,e2.dhw,Demand,Q,46,0
e2.ct.rejected_Q,e2.ct,rejected,Q,46,0
e2.ahu.Demand_Q,e2.ahu,Demand,Q,46,0
e2.ec.electric_Q,e2.ec,electric,Q,46,0
e2.ec.rejected_Q,e2.ec,rejected,Q,46,0
e2.ec.electric.ice_Q,e2.ec,electric.ice,Q,46,0
e2.dhwt.loss_D,e2.dhwt,loss,D,46,7
e2.hhwt.loss_D,e2.hhwt,loss,D,46,8
e2.dhwt.storage_J,e2.dhwt,storage,J,46,0
e2.hhwt.storage_J,e2.hhwt,storage,J,46,14932350
e2.ice.storage_J,e2.ice,storage,J,46,0
e2.dhw.dhwt_Q,e2.dhw,dhwt,Q,47,0
e2.dhwt.dhw_Q,e2.dhwt,dhw,Q,47,0
e2.hhwt.dhwt_Q,e2.hhwt,dhwt,Q,47,-159
e2.dhwt.hhwt_Q,e2.dhwt,hhwt,Q,47,159
e2.hx.hhwt_Q,e2.hx,hhwt,Q,47,0
e2.hhwt.hx_Q,e2.hhwt,hx,Q,47,0
e2.sc.hx_Q,e2.sc,hx,Q,47,0
e2.hx.sc_Q,e2.hx,sc,Q,47,0
e2.hhwt.ahu_Q,e2.hhwt,ahu,Q,47,0
e2.ahu.heat_Q,e2.ahu,heat,Q,47,0
e2.cwt.ahu_Q,e2.cwt,ahu,Q,47,0
e2.ahu.cool_Q,e2.ahu,cool,Q,47,0
e2.ac.cwt_Q,e2.ac,cwt,Q,47,0
e2.cwt.ac_Q,e2.cwt,ac,Q,47,0
e2.hhwt.ac_Q,e2.hhwt,ac,Q,47,0
e2.ac.hhwt_Q,e2.ac,hhwt,Q,47,0
e2.ct.ac_Q,e2.ct,ac,Q,47,0
e2.ac.ct_Q,e2.ac,ct,Q,47,0
e2.ec.cwt_Q,e2.ec,cwt,Q,47,0
e2.cwt.ec_Q,e2.cwt,ec,Q,47,0
e2.ice.ec_Q,e2.ice,ec,Q,47,0
e2.ec.ice_Q,e2.ec,ice,Q,47,0
e2.ice.cwt_Q,e2.ice,cwt,Q,47,0
e2.cwt.ice_Q,e2.cwt,ice,Q,47,0
e2.dhwt.loss_Q,e2.dhwt,loss,Q,47,-160
e2.dhwt.storage_Q,e2.dhwt,storage,Q,47,0
e2.hhwt.loss_Q,e2.hhwt,loss,Q,47,-1877
e2.hhwt.storage_Q,e2.hhwt,storage,Q,47,2037
e2.ice.storage_Q,e2.ice,storage,Q,47,0
e2.sc.IDN_Q,e2.sc,IDN,Q,47,0
e2.dhwt.electric_Q,e2.dhwt,electric,Q,47,0
e2.dhw.Demand_Q,e2.dhw,Demand,Q,47,0
e2.ct.rejected_Q,e2.ct,rejected,Q,47,0
e2.ahu.Demand_Q,e2.ahu,Demand,Q,47,0
e2.ec.electric_Q,e2.ec,electric,Q,47,0
e2.ec.rejected_Q,e2.ec,rejected,Q,47,0
e2.ec.electric.ice_Q,e2.ec,electric.ice,Q,47,0
e2.dhwt.loss_D,e2.dhwt,loss,D,47,8
e2.hhwt.loss_D,e2.hhwt,loss,D,47,8
e2.dhwt.storage_J,e2.dhwt,storage,J,47,0
e2.hhwt.storage_J,e2.hhwt,storage,J,47,7336079
e2.ice.storage_J,e2.ice,storage,J,47,0
e2.dhwt.loss_D,e2.dhwt,loss,D,48,8
e2.dhwt.storage_J,e2.dhwt,storage,J,48,0
e2.hhwt.loss_D,e2.hhwt,loss,D,48,7
e2.hhwt.storage_J,e2.hhwt,storage,J,48,0
e2.ice.storage_J,e2.ice,storage,J,48,0
